#,DATE,TRADING CODE,LTP*,HIGH,LOW,OPENP*,CLOSEP*,YCP,TRADE,VALUE (mn),VOLUME
1,2018-11-29,EBL,35,35,33.7,33.9,34.7,34,104,6.217,"183,040"
2,2018-11-28,EBL,33.9,34.6,33.9,34.5,34,33.9,101,3.828,"112,323"
3,2018-11-27,EBL,33.9,34.4,33.8,34.4,33.9,34,76,3.787,"111,287"
4,2018-11-26,EBL,34,34.2,33.8,33.8,34,34,83,3.135,"92,329"
5,2018-11-25,EBL,33.9,35.7,33.9,35,34,34.1,84,5.169,"151,301"
6,2018-11-22,EBL,34.1,34.5,34.1,34.5,34.1,34.5,40,1.561,"45,723"
7,2018-11-20,EBL,34.4,34.9,33.7,33.7,34.5,33.7,104,6.721,"195,758"
8,2018-11-19,EBL,33.7,34,33.7,33.7,33.7,33.7,104,4.52,"133,806"
9,2018-11-18,EBL,33.7,34,33.5,34,33.7,34,180,4.843,"143,754"
10,2018-11-15,EBL,33.9,34.8,33.9,34.7,34,34.1,138,8.274,"241,632"
11,2018-11-14,EBL,34.2,35.7,34,35.5,34.1,34.9,121,4.783,"137,820"
12,2018-11-13,EBL,35,35.2,34.8,35.2,34.9,34.8,65,2.682,"76,750"
13,2018-11-12,EBL,34.5,35.6,34.5,35.6,34.8,34.6,56,3.097,"88,766"
14,2018-11-11,EBL,35.5,35.5,30.7,30.7,34.6,34.1,85,5.014,"145,094"
15,2018-11-08,EBL,34,34.2,34,34,34.1,34,29,0.974,"28,538"
16,2018-11-07,EBL,34.1,34.2,33.9,33.9,34,33.9,76,4.68,"137,641"
17,2018-11-06,EBL,34,34.5,33.8,34.5,33.9,34.4,55,2.177,"63,759"
18,2018-11-05,EBL,34.4,34.6,34,34,34.4,34.2,58,1.797,"52,229"
19,2018-11-04,EBL,34.1,34.7,33.9,33.9,34.2,34.7,35,1.105,"32,309"
20,2018-11-01,EBL,34.7,35.3,34.6,35.3,34.7,35,64,2.804,"80,473"
21,2018-10-31,EBL,34.8,35,34.5,34.8,35,34.8,69,5.699,"163,681"
22,2018-10-30,EBL,34.9,34.9,34.3,34.7,34.8,34.3,125,4.558,"131,816"
23,2018-10-29,EBL,34.8,35.2,33.5,34,34.3,34.2,142,5.537,"161,158"
24,2018-10-28,EBL,34.2,35,34.2,35,34.2,35.1,65,2.473,"71,990"
25,2018-10-25,EBL,35,35.3,34.6,35.2,35.1,35,41,2.048,"58,411"
26,2018-10-24,EBL,35,35.2,34.7,34.8,35,34.9,111,4.702,"134,380"
27,2018-10-23,EBL,34.5,35,34.2,35,34.9,34.5,48,2.411,"69,188"
28,2018-10-22,EBL,34.4,35,34.2,34.6,34.5,34.6,41,1.315,"37,996"
29,2018-10-21,EBL,34.5,35.3,34.5,35,34.6,34.6,136,6.912,"198,221"
30,2018-10-18,EBL,34.2,35,33.9,34.3,34.6,34,148,3.561,"103,273"
31,2018-10-17,EBL,34,34.4,34,34.4,34,34.1,91,3.538,"103,578"
32,2018-10-16,EBL,34.3,34.3,33.6,33.6,34.1,33.8,31,1.224,"35,978"
33,2018-10-15,EBL,33.6,34.3,33.6,34,33.8,34,186,9.554,"281,362"
34,2018-10-14,EBL,33.9,34.9,33.9,34.1,34,33.9,163,6.395,"187,334"
35,2018-10-11,EBL,33.9,34.4,33.7,34,33.9,33.7,120,9.583,"281,827"
36,2018-10-10,EBL,33.4,35,33.4,34.5,33.7,34.8,129,37.275,"1,092,305"
37,2018-10-09,EBL,34.6,35.1,34.2,34.2,34.8,35,107,2.806,"80,683"
38,2018-10-08,EBL,34.9,35.4,34.5,35.2,35,34.9,76,1.411,"40,180"
39,2018-10-07,EBL,35.1,37.4,33.1,34.3,34.9,34.3,176,4.485,"131,296"
40,2018-10-04,EBL,34.5,34.5,34.1,34.1,34.3,34.2,34,0.652,"19,030"
41,2018-10-03,EBL,34.1,35,34.1,34.6,34.2,34.1,58,2.114,"61,395"
42,2018-10-02,EBL,34.4,34.4,33.7,33.7,34.1,33.7,37,1.767,"51,930"
43,2018-10-01,EBL,33.5,34.7,33.3,33.5,33.7,33.3,42,2.178,"65,125"
44,2018-09-30,EBL,33.3,34,33.2,34,33.3,34.3,83,2.018,"60,201"
45,2018-09-27,EBL,34.6,34.7,34,34.4,34.3,34.4,65,4.906,"143,883"
46,2018-09-26,EBL,34.2,34.9,33.3,33.3,34.4,34,43,1.474,"43,174"
47,2018-09-25,EBL,33.6,35,33.5,34.4,34,34.1,70,1.654,"48,393"
48,2018-09-24,EBL,33.8,35.2,33.8,35.2,34.1,34.6,72,4.668,"135,596"
49,2018-09-23,EBL,34,35.9,34,35.9,34.6,34.7,23,0.643,"18,560"
50,2018-09-20,EBL,34.6,35.4,34.6,35.4,34.7,35.4,52,1.089,"31,300"
51,2018-09-19,EBL,35.6,36,34.5,34.5,35.4,34.5,144,8.34,"238,328"
52,2018-09-18,EBL,34.6,35,33.6,33.7,34.5,33.5,46,1.387,"40,603"
53,2018-09-17,EBL,33.3,33.9,33.3,33.6,33.5,33.6,58,2.383,"70,978"
54,2018-09-16,EBL,33.6,34,33.4,33.6,33.6,34,35,0.839,"24,947"
55,2018-09-13,EBL,34.2,34.9,33.7,34.1,34,34.6,139,5.048,"147,137"
56,2018-09-12,EBL,34.8,35.9,34.4,35.9,34.6,34.9,96,2.562,"73,701"
57,2018-09-11,EBL,34.8,35.2,34.8,35,34.9,35.2,92,3.219,"92,011"
58,2018-09-10,EBL,35,35.5,35,35.3,35.2,35.5,84,1.623,"45,972"
59,2018-09-09,EBL,35.5,36,35.4,35.7,35.5,35.9,76,1.691,"47,483"
60,2018-09-06,EBL,36.2,36.9,35.5,35.6,35.9,35.9,118,3.749,"104,109"
61,2018-09-05,EBL,35.8,36.8,35.8,36.8,35.9,36.1,102,1.931,"53,642"
62,2018-09-04,EBL,35.9,37,35.9,37,36.1,36.6,122,4.41,"122,060"
63,2018-09-03,EBL,36.3,37.1,36.3,37.1,36.6,37,97,2.596,"70,687"
64,2018-08-30,EBL,37,37.7,36.7,36.8,37,37,183,6.415,"173,084"
65,2018-08-29,EBL,37,38,36.9,37.8,37,37.5,184,6.252,"168,056"
66,2018-08-28,EBL,37.7,37.8,37,37,37.5,36.6,233,5.564,"149,144"
67,2018-08-27,EBL,36.2,37.7,36.2,37.4,36.6,37.1,165,14.107,"376,683"
68,2018-08-26,EBL,37.3,38,36.7,38,37.1,38.1,198,9.476,"252,985"
69,2018-08-20,EBL,38.2,38.2,36.8,37.5,38.1,37.5,421,12.855,"341,887"
70,2018-08-19,EBL,37.5,37.6,36.7,37,37.5,36.5,530,22.141,"594,239"
71,2018-08-16,EBL,36.1,37.4,35.9,36,36.5,35.7,443,15.675,"426,484"
72,2018-08-14,EBL,36,36.1,35.1,35.6,35.7,35.8,179,5.037,"141,453"
73,2018-08-13,EBL,35.9,36.4,34.7,35.8,35.8,35.2,467,13.627,"379,611"
74,2018-08-12,EBL,35.4,35.5,33.9,34.1,35.2,34.1,298,20.57,"598,521"
75,2018-08-09,EBL,34.1,34.5,33.4,34,34.1,33.6,191,7.532,"220,913"
76,2018-08-08,EBL,33.7,34,32.5,32.9,33.6,32.2,119,6.283,"188,608"
77,2018-08-07,EBL,32,33.1,32,32.9,32.2,32.3,116,4.12,"126,954"
78,2018-08-06,EBL,32.4,33,32,32,32.3,33,23,0.585,"18,110"
79,2018-08-05,EBL,33,33.3,33,33.1,33,33.2,108,4.43,"134,074"
80,2018-08-02,EBL,33.2,33.2,32.5,32.8,33.2,32.6,129,6.711,"203,216"
81,2018-08-01,EBL,32.7,32.7,32,32,32.6,31.6,122,2.902,"89,414"
82,2018-07-31,EBL,31.5,32.9,30.9,30.9,31.6,31,106,4.588,"145,892"
83,2018-07-30,EBL,31,31.7,30.8,31.6,31,30.9,82,1.998,"64,568"
84,2018-07-29,EBL,31.5,31.5,30.7,30.7,30.9,30.7,39,2.46,"79,499"
85,2018-07-26,EBL,30.7,31.2,30.6,31.1,30.7,31.1,93,4.774,"154,787"
86,2018-07-25,EBL,31.3,31.8,31.1,31.5,31.1,31.5,107,3.69,"117,627"
87,2018-07-24,EBL,31.2,31.7,31.2,31.5,31.5,31.5,67,2.878,"91,327"
88,2018-07-23,EBL,31.3,32,30.5,31,31.5,31.2,102,2.912,"94,218"
89,2018-07-22,EBL,31.2,31.6,31,31.3,31.2,31.5,174,15.056,"482,605"
90,2018-07-19,EBL,31.5,31.7,31.4,31.6,31.5,31.6,124,5.795,"183,581"
91,2018-07-18,EBL,31.6,31.7,31.4,31.4,31.6,31.5,155,4.281,"135,891"
92,2018-07-17,EBL,31.5,31.8,31.1,31.1,31.5,31.2,101,3.214,"101,913"
93,2018-07-16,EBL,31.5,31.6,30.7,30.7,31.2,31.2,193,18.792,"602,074"
94,2018-07-15,EBL,31,32,30.9,32,31.2,32,301,21.431,"686,569"
95,2018-07-12,EBL,32,32.2,31.9,32.2,32,32.2,150,7.426,"232,034"
96,2018-07-11,EBL,32,34,30.5,33.2,32.2,32.9,125,5.843,"176,600"
97,2018-07-10,EBL,33,33.1,32.5,32.5,32.9,32.7,195,18.606,"565,693"
98,2018-07-09,EBL,32.5,33.2,32.1,32.9,32.7,32.9,230,24.387,"741,617"
99,2018-07-08,EBL,33,33.1,32.7,33,32.9,33.1,253,13.712,"415,945"
100,2018-07-05,EBL,33.1,33.6,32.8,33.6,33.1,33.8,158,12.083,"366,055"
101,2018-07-04,EBL,33.9,34,33,33,33.8,33.2,99,3.123,"92,939"
102,2018-07-03,EBL,33.6,33.7,32.4,32.4,33.2,32.7,83,4.043,"121,491"
103,2018-07-02,EBL,32.4,33.7,32.2,33.2,32.7,33.8,56,1.68,"51,210"
104,2018-06-28,EBL,34,34.6,33.5,33.6,33.8,34.1,122,2.265,"66,957"
105,2018-06-27,EBL,33.4,35.1,33.3,35,34.1,34.9,215,4.086,"118,257"
106,2018-06-26,EBL,34.8,35,34.7,34.7,34.9,34.7,100,10.221,"292,936"
107,2018-06-25,EBL,34.7,35,34.6,34.8,34.7,35,113,3.713,"106,730"
108,2018-06-24,EBL,34.8,35.4,34.8,35,35,34.6,189,11.1,"316,770"
109,2018-06-21,EBL,34.5,35,34.5,34.9,34.6,34.5,212,15.544,"448,141"
110,2018-06-20,EBL,34.6,34.9,34.5,34.7,34.5,34.7,106,4.469,"129,276"
111,2018-06-19,EBL,34.5,35,34.5,34.5,34.7,34.5,104,9.88,"284,828"
112,2018-06-18,EBL,34.5,35.6,34.5,35.6,34.5,35.4,103,8.797,"254,719"
113,2018-06-12,EBL,35.2,35.5,35,35,35.4,34.9,64,1.314,"37,160"
114,2018-06-11,EBL,35,35.8,34.8,34.9,34.9,34.8,107,27.505,"787,926"
115,2018-06-10,EBL,34.6,36,34.6,36,34.8,36,91,3.906,"111,686"
116,2018-06-07,EBL,36,38,35.2,38,36,36.7,137,5.882,"162,115"
117,2018-06-06,EBL,37,38,35.4,36.2,36.7,35.4,95,6.861,"190,561"
118,2018-06-05,EBL,35.3,36,35.3,36,35.4,35.4,45,3.079,"86,762"
119,2018-06-04,EBL,35.4,35.9,35.4,35.7,35.4,35.5,51,6.017,"169,385"
120,2018-06-03,EBL,35.7,35.8,34.8,34.8,35.5,36,39,1.982,"55,829"
121,2018-05-31,EBL,35.9,36,35.7,35.8,36,35.8,77,11.438,"318,165"
122,2018-05-30,EBL,35.5,36,35.4,36,35.8,35.9,130,47.357,"1,316,385"
123,2018-05-29,EBL,36,36.2,35.8,36,35.9,36,230,108.191,"3,009,270"
124,2018-05-28,EBL,36.1,36.5,35.5,36.1,36,36.1,207,18.723,"519,821"
125,2018-05-27,EBL,36.1,36.5,35.4,35.4,36.1,35.4,353,17.404,"483,756"
126,2018-05-24,EBL,35.8,35.8,34.5,34.9,35.4,34.5,144,12.19,"350,231"
127,2018-05-23,EBL,34.5,35.1,34,34.1,34.5,34.1,83,7.243,"209,780"
128,2018-05-22,EBL,34.7,34.7,33.6,33.7,34.1,33.6,101,8.831,"261,791"
129,2018-05-21,EBL,33.7,33.7,33.1,33.1,33.6,35.7,304,25.285,"754,937"
130,2018-05-20,EBL,0,0,0,0,35.7,35.7,0,0,0
131,2018-05-17,EBL,36,37.5,35.2,37.5,35.7,37.5,228,9.876,"271,860"
132,2018-05-15,EBL,35.5,36,34.5,34.5,35.6,35.2,155,3.766,"106,523"
133,2018-05-14,EBL,35,36,34.5,34.5,35.2,34.5,189,8.847,"253,375"
134,2018-05-13,EBL,34.5,34.9,34.4,34.5,34.5,34.2,198,10.904,"315,983"
135,2018-05-10,EBL,34.2,34.9,33.9,34.5,34.2,35.2,211,16.383,"479,129"
136,2018-05-09,EBL,35.1,36,35,36,35.2,35.7,57,2.448,"68,820"
137,2018-05-08,EBL,35.1,36.7,35.1,36.7,35.7,36,74,5.529,"153,905"
138,2018-05-07,EBL,36,37.1,36,36.9,36,36.5,79,4.392,"120,031"
139,2018-05-06,EBL,36.9,37,35.7,37,36.5,37,110,6.138,"166,580"
140,2018-05-03,EBL,37,38.5,36.1,36.1,37,38.5,83,3.283,"88,306"
141,2018-04-30,EBL,38.7,39.6,38.4,39.6,38.5,39.6,116,8.943,"229,580"
142,2018-04-26,EBL,39.6,40,39,39,39.6,38.8,129,7.287,"184,334"
143,2018-04-25,EBL,39,39.4,31,38.9,38.8,40.2,299,18.471,"484,616"
144,2018-04-24,EBL,40,40.6,39.9,40,40.2,40,48,2.29,"57,145"
145,2018-04-23,EBL,40.1,40.3,39.5,39.5,40,39.7,140,10.489,"262,019"
146,2018-04-22,EBL,40,40.6,39.4,39.6,39.7,40.3,144,10.031,"250,609"
147,2018-04-19,EBL,40,41.4,40,40.5,40.3,41.1,203,10.59,"260,380"
148,2018-04-18,EBL,41.6,41.9,39,39.9,41.1,39,164,8.696,"216,596"
149,2018-04-17,EBL,39,39.5,38.7,39.5,39,39.6,139,10.023,"256,986"
150,2018-04-16,EBL,39.6,40,38.5,39.5,39.6,39.5,109,6.587,"166,492"
151,2018-04-15,EBL,39.4,39.9,39.4,39.5,39.5,40.4,73,3.125,"79,017"
152,2018-04-12,EBL,40.4,40.8,40.2,40.7,40.4,40.6,53,4.159,"102,899"
153,2018-04-11,EBL,40.7,42.1,40.4,42.1,40.6,41.3,127,5.085,"124,444"
154,2018-04-10,EBL,41.2,42.4,41,42.4,41.3,42.4,194,9.178,"220,231"
155,2018-04-09,EBL,42.6,43.2,42.3,43,42.4,43.1,231,9.365,"219,303"
156,2018-04-08,EBL,43,43.8,41.7,41.7,43.1,41.7,382,30.489,"705,072"
157,2018-04-05,EBL,41.8,41.9,41.4,41.7,41.7,41.5,243,15.552,"372,913"
158,2018-04-04,EBL,40.9,42.3,40.9,42,41.5,41.8,166,8.789,"209,346"
159,2018-04-03,EBL,41.9,42.2,41.6,42.1,41.8,41.8,409,45.53,"1,087,219"
160,2018-04-02,EBL,41.7,42.2,41,42,41.8,41.2,222,14.854,"355,422"
161,2018-04-01,EBL,41.2,42.1,40.2,41,41.2,40.2,355,18.311,"446,480"
162,2018-03-29,EBL,39.8,40.4,38.8,39.3,40.2,38.7,123,6.608,"165,533"
163,2018-03-28,EBL,39,39.8,37,37,38.7,37.5,118,4.436,"115,275"
164,2018-03-27,EBL,37.4,38,37.3,38,37.5,37.7,31,0.722,"19,227"
165,2018-03-25,EBL,37.7,41.3,37.5,41.3,37.7,37.8,100,5.593,"146,819"
166,2018-03-22,EBL,37.5,38.6,36.8,37.5,37.8,36.9,152,6.895,"183,546"
167,2018-03-21,EBL,36.9,38,36.1,38,36.9,38,83,3.779,"101,714"
168,2018-03-20,EBL,37.9,39.3,37.9,38.1,38,38.8,84,2.72,"71,265"
169,2018-03-19,EBL,38.5,39.9,38.5,39.1,38.8,40,36,0.702,"17,963"
170,2018-03-18,EBL,40,40.5,39.5,39.7,40,39.6,73,2.989,"74,709"
171,2018-03-15,EBL,40.6,41.6,38.4,39.6,39.6,38.8,343,27.153,"686,028"
172,2018-03-14,EBL,38.9,39.3,37.6,39.3,38.8,39,46,1.9,"49,205"
173,2018-03-13,EBL,38.9,39.6,38.7,39.1,39,39,61,1.757,"45,197"
174,2018-03-12,EBL,39.3,39.3,38.8,39.2,39,39.4,103,4.861,"124,989"
175,2018-03-11,EBL,39.2,40.2,39.1,40.2,39.4,40.2,60,1.435,"36,188"
176,2018-03-08,EBL,40,40.9,39.5,40.4,40.2,40.4,92,2.883,"71,851"
177,2018-03-07,EBL,40.4,41.5,40.2,41.2,40.4,41.2,52,1.109,"27,251"
178,2018-03-06,EBL,41.1,41.7,40.1,40.1,41.2,41,71,2.405,"58,525"
179,2018-03-05,EBL,41,42.6,40.9,42,41,42.6,113,3.359,"81,357"
180,2018-03-04,EBL,40.9,44,40.9,43.5,42.6,42.6,105,4.322,"100,352"
181,2018-03-01,EBL,42,42.8,41.4,41.4,42.6,41.4,122,7.276,"172,921"
182,2018-02-28,EBL,41.3,41.8,41,41.3,41.4,41.1,93,5.597,"134,971"
183,2018-02-27,EBL,42,42,40.7,40.7,41.1,40.3,136,8.418,"203,160"
184,2018-02-26,EBL,40.3,41.5,38.9,38.9,40.3,40.7,106,4.136,"102,225"
185,2018-02-25,EBL,40.7,41.2,40.1,40.5,40.7,41.5,55,2.207,"54,316"
186,2018-02-22,EBL,42,42.2,41.2,42,41.5,41.2,167,6.852,"164,625"
187,2018-02-20,EBL,42,42.5,41,42.5,41.2,41.3,145,9.945,"238,705"
188,2018-02-19,EBL,41.4,42,41.3,42,41.3,41.2,95,5.695,"136,354"
189,2018-02-18,EBL,41.8,43,41,43,41.2,43.5,108,3.949,"94,171"
190,2018-02-15,EBL,43.8,45,43.2,44.9,43.5,44.9,210,11.924,"268,536"
191,2018-02-14,EBL,44.9,45.4,44.9,45.4,44.9,44.9,225,9.009,"199,805"
192,2018-02-13,EBL,45,45.7,44.6,44.8,44.9,44.8,239,13.908,"308,253"
193,2018-02-12,EBL,44,46,43.7,45,44.8,44.4,459,31.58,"704,028"
194,2018-02-11,EBL,44.7,44.7,43,43.7,44.4,42.9,260,14.806,"336,767"
195,2018-02-08,EBL,43.2,43.3,42.4,42.5,42.9,42.3,294,17.351,"405,238"
196,2018-02-07,EBL,42.5,42.9,41.5,42.1,42.3,42.1,359,17.731,"419,309"
197,2018-02-06,EBL,42,43,41.2,41.4,42.1,40.5,318,13.21,"314,310"
198,2018-02-05,EBL,41,41.6,38.5,40.3,40.5,41,596,35.134,"876,758"
199,2018-02-04,EBL,41.1,42.2,40.8,42.2,41,42.6,178,5.841,"142,228"
200,2018-02-01,EBL,42.3,44.1,42.3,44,42.6,43.8,225,12.658,"289,703"
201,2018-01-31,EBL,43.5,44.3,43,44.3,43.8,44.6,276,16.198,"371,376"
202,2018-01-30,EBL,44.6,46,43.2,45,44.6,45.3,181,17.838,"393,681"
203,2018-01-29,EBL,45.8,45.8,44.6,45,45.3,45.7,205,13.529,"299,424"
204,2018-01-28,EBL,45.4,45.8,44.2,44.2,45.7,45.8,236,9.259,"203,333"
205,2018-01-25,EBL,45.7,46,44.8,44.8,45.8,45.1,198,10.358,"226,654"
206,2018-01-24,EBL,45,45.2,44.9,45,45.1,45.5,143,9.051,"200,914"
207,2018-01-23,EBL,45.8,46,45.3,45.4,45.5,45.6,156,16.703,"366,399"
208,2018-01-22,EBL,45.5,46,45,45,45.6,44.9,122,6.752,"148,239"
209,2018-01-21,EBL,44.9,45.5,44.3,44.3,44.9,45.4,87,2.926,"65,188"
210,2018-01-18,EBL,45.1,46.3,44.9,45.1,45.4,46,184,5.971,"131,455"
211,2018-01-17,EBL,45.8,47.8,45.8,47.1,46,46.5,230,14.835,"320,524"
212,2018-01-16,EBL,46,47,44.2,45.5,46.5,45.8,351,15.998,"348,698"
213,2018-01-15,EBL,46,47.4,45.6,47.4,45.8,47.5,277,13.357,"289,170"
214,2018-01-14,EBL,47.8,48,47.3,47.9,47.5,48.3,180,11.631,"244,956"
215,2018-01-11,EBL,48,48.9,47.7,48,48.3,48,168,18.499,"383,934"
216,2018-01-10,EBL,47.9,48.3,47.9,48,48,48.3,128,14.241,"296,342"
217,2018-01-09,EBL,48.6,48.8,48,48.7,48.3,48.9,220,9.78,"202,824"
218,2018-01-08,EBL,48.7,50.4,48.7,50.4,48.9,50.4,330,33.349,"675,120"
219,2018-01-07,EBL,50.4,51.3,50.1,50.3,50.4,50.6,229,13.698,"272,281"
220,2018-01-04,EBL,50.7,50.9,50.5,50.6,50.6,50.9,86,4.964,"98,182"
221,2018-01-03,EBL,50.9,51,50.2,50.5,50.9,50.5,114,8.945,"176,070"
222,2018-01-02,EBL,50.5,51,50,50.9,50.5,51.1,211,13.246,"262,634"
223,2018-01-01,EBL,50.9,51.5,50.9,51.2,51.1,51.1,161,11.264,"220,463"
224,2017-12-28,EBL,51.2,51.4,50.5,50.5,51.1,50.1,380,48.693,"956,118"
225,2017-12-27,EBL,50.3,50.3,49.5,50.1,50.1,50.3,356,41.438,"829,764"
226,2017-12-26,EBL,50.3,51,50,51,50.3,50.4,232,62.896,"1,250,588"
227,2017-12-24,EBL,50.5,51.6,50.1,50.8,50.4,50.7,201,22.11,"437,251"
228,2017-12-21,EBL,50.7,51.2,50.6,51.2,50.7,51.1,328,24.792,"487,648"
229,2017-12-20,EBL,51,52.1,51,52.1,51.1,51.7,344,42.213,"822,638"
230,2017-12-19,EBL,52,53.2,51.5,52.1,51.7,51.6,858,98.41,"1,886,773"
231,2017-12-18,EBL,51.5,52.8,51.5,52.5,51.6,51.6,258,38.352,"741,619"
232,2017-12-17,EBL,51.7,52.5,51.5,52.5,51.6,52.5,204,18.831,"363,336"
233,2017-12-14,EBL,52.5,52.6,52,52.1,52.5,52.5,130,12.416,"236,832"
234,2017-12-13,EBL,52,53.4,52,52.9,52.5,52.8,256,27.123,"516,103"
235,2017-12-12,EBL,52.3,53.2,51.9,52.4,52.8,51.5,324,26.019,"494,277"
236,2017-12-11,EBL,51.3,52.5,51.3,51.9,51.5,51.9,218,10.183,"197,263"
237,2017-12-10,EBL,52.1,52.1,51.5,52.1,51.9,52.7,128,5.765,"111,121"
238,2017-12-07,EBL,52.6,53,52.5,53,52.7,53,211,17.782,"337,233"
239,2017-12-06,EBL,53,53.8,52.8,53.8,53,52.7,270,27.061,"510,633"
240,2017-12-05,EBL,53.3,53.3,52.2,52.4,52.7,52,174,15.152,"288,512"
241,2017-12-04,EBL,52,52.8,51.9,52.5,52,52.9,369,33.493,"642,615"
242,2017-12-03,EBL,53,54.1,52.8,53.7,52.9,53.7,497,31.498,"589,258"
243,2017-11-30,EBL,53.9,53.9,52.1,52.1,53.7,51.4,657,83.207,"1,553,804"
244,2017-11-29,EBL,51.6,52,50.3,51.7,51.4,52,543,36.044,"702,865"
245,2017-11-28,EBL,52,54.4,51.2,54.4,52,54.1,541,40.604,"773,444"
246,2017-11-27,EBL,53.9,55,53.9,55,54.1,54.4,225,15.726,"289,930"
247,2017-11-26,EBL,54.7,55.2,54.2,54.8,54.4,54.5,232,13.762,"251,735"
248,2017-11-23,EBL,54.3,55.8,54.2,55,54.5,54.7,390,19.006,"345,723"
249,2017-11-22,EBL,54.7,55.3,53.8,55.2,54.7,55.2,351,24.244,"444,823"
250,2017-11-21,EBL,55.1,57,55,56.3,55.2,56.6,430,26.437,"472,841"
251,2017-11-20,EBL,56.3,57.5,56.3,56.7,56.6,57.1,364,31.371,"550,922"
252,2017-11-19,EBL,56.8,58,56.8,57.4,57.1,56.5,684,62.296,"1,085,359"
253,2017-11-16,EBL,56.9,56.9,54.8,55.2,56.5,55.5,"1,169",67.386,"1,204,596"
254,2017-11-15,EBL,56,57.1,55,57,55.5,57,810,41.079,"731,811"
255,2017-11-14,EBL,56.9,59,54.7,54.8,57,54.8,617,64.465,"1,146,775"
256,2017-11-13,EBL,54.7,55.8,54.5,55.8,54.8,55.2,276,21.956,"399,280"
257,2017-11-12,EBL,55.3,56.3,54.7,55.6,55.2,55.6,665,125.52,"2,253,289"
258,2017-11-09,EBL,55.8,55.8,54.7,55.3,55.6,54.9,658,63.777,"1,155,611"
259,2017-11-08,EBL,55,55,53.5,54,54.9,54.1,"1,021",89.021,"1,638,336"
260,2017-11-07,EBL,54.3,54.5,51.4,51.4,54.1,51.2,"1,145",82.267,"1,546,764"
261,2017-11-06,EBL,51.7,51.8,48.8,48.9,51.2,48.7,847,70.954,"1,415,286"
262,2017-11-05,EBL,48.9,49.1,48.4,48.4,48.7,48.7,404,59.498,"1,218,975"
263,2017-11-02,EBL,48.5,48.9,48.2,48.2,48.7,48,275,22.103,"454,702"
264,2017-11-01,EBL,48,48.1,47.4,47.8,48,47.3,109,15.445,"322,110"
265,2017-10-31,EBL,47.4,47.9,47,47.4,47.3,47.2,101,4.651,"98,341"
266,2017-10-30,EBL,47.5,48.6,46.9,47.9,47.2,48,160,8.877,"185,513"
267,2017-10-29,EBL,47.8,49,47.7,47.9,48,47.8,249,15.382,"318,182"
268,2017-10-26,EBL,47.9,48,46.8,46.8,47.8,46.4,255,22.718,"477,563"
269,2017-10-25,EBL,46.5,46.6,46.1,46.5,46.4,46.2,102,8.394,"181,014"
270,2017-10-24,EBL,46.5,46.7,45.8,46.4,46.2,46.5,104,7.836,"168,440"
271,2017-10-23,EBL,46.4,47.2,46.4,46.5,46.5,47.2,72,6.233,"133,675"
272,2017-10-22,EBL,46.8,47.3,46.7,46.9,47.2,46.9,79,4.034,"85,605"
273,2017-10-19,EBL,46.6,47.2,46.6,46.6,46.9,46.6,139,10.684,"227,545"
274,2017-10-18,EBL,46.6,47,46.1,46.6,46.6,46.9,154,11.988,"257,541"
275,2017-10-17,EBL,47,47.7,46.1,46.1,46.9,46.9,117,6.577,"140,159"
276,2017-10-16,EBL,46.6,48,46.6,47.7,46.9,47.6,203,17.58,"372,601"
277,2017-10-15,EBL,47.7,48,46.9,47.4,47.6,47.3,242,15.275,"322,604"
278,2017-10-12,EBL,47.2,48.2,46.8,47.5,47.3,47.7,333,23.393,"493,218"
279,2017-10-11,EBL,47.6,49.3,47.4,48.3,47.7,47.9,518,65.823,"1,348,351"
280,2017-10-10,EBL,48.4,48.5,43.3,46.2,47.9,47.6,365,30.672,"651,785"
281,2017-10-09,EBL,47.7,48.6,47,48.1,47.6,48.7,488,49.554,"1,034,242"
282,2017-10-08,EBL,48.9,49.8,48.5,49.4,48.7,49.1,477,65.666,"1,342,523"
283,2017-10-05,EBL,49.5,50,48,48.1,49.1,48,953,71.348,"1,456,224"
284,2017-10-04,EBL,47.9,48.3,46.1,46.3,48,46.7,555,52.537,"1,103,563"
285,2017-10-03,EBL,46.7,47.1,46.4,46.5,46.7,46.8,292,21.814,"466,229"
286,2017-10-02,EBL,46.7,47.8,45.5,45.9,46.8,45.4,275,21.541,"465,562"
287,2017-09-28,EBL,45.8,45.8,44.5,44.5,45.4,45,178,14.384,"318,978"
288,2017-09-27,EBL,45,45.6,44.4,44.4,45,44.9,329,24.051,"533,246"
289,2017-09-26,EBL,44.4,45.2,44.1,44.1,44.9,44.8,295,26.81,"597,596"
290,2017-09-25,EBL,44.6,45.2,44.3,44.3,44.8,45.1,327,28.981,"644,766"
291,2017-09-24,EBL,45.2,45.7,44.8,44.8,45.1,45.2,146,17.196,"380,117"
292,2017-09-21,EBL,45.1,45.5,44.2,45,45.2,44.7,129,8.972,"199,856"
293,2017-09-20,EBL,44.4,45.9,44.4,45.5,44.7,45.5,327,28.634,"631,423"
294,2017-09-19,EBL,45.9,46.6,45.2,46.4,45.5,46.3,399,37.806,"821,766"
295,2017-09-18,EBL,46.2,47,46,46.8,46.3,46.6,666,62.513,"1,354,003"
296,2017-09-17,EBL,46.5,46.9,45.6,46,46.6,46.2,323,19.561,"422,354"
297,2017-09-14,EBL,46.3,46.7,45.2,46.3,46.2,46,423,48.989,"1,060,448"
298,2017-09-13,EBL,46.5,46.5,45.4,45.4,46,45.4,536,48.042,"1,043,015"
299,2017-09-12,EBL,46,46,43.4,43.9,45.4,43.9,318,34.755,"777,874"
300,2017-09-11,EBL,43.7,45.5,43.6,44.7,43.9,45.5,331,27.262,"613,796"
301,2017-09-10,EBL,45,46,44.8,45.7,45.5,45.5,349,33.944,"746,653"
302,2017-09-07,EBL,46,46,44,44.4,45.5,44.9,344,34.082,"756,336"
303,2017-09-06,EBL,44.6,46,44.3,45.1,44.9,45.5,563,56.999,"1,259,286"
304,2017-09-05,EBL,45.2,45.8,44.5,45.5,45.5,45.4,293,22.544,"499,161"
305,2017-09-04,EBL,45.6,45.7,44.4,45,45.4,45,232,16.502,"366,669"
306,2017-08-31,EBL,45.3,45.4,43.3,43.7,45,43.1,509,39.166,"880,090"
307,2017-08-30,EBL,43.5,43.7,42.8,43.1,43.1,43.2,248,12.611,"292,787"
308,2017-08-29,EBL,43.1,44.2,42.7,44,43.2,44.1,373,22.829,"522,455"
309,2017-08-28,EBL,43.9,44.4,42.9,43.4,44.1,43,432,29.289,"673,792"
310,2017-08-27,EBL,43.2,43.5,42.2,42.3,43,42.1,348,30.954,"722,404"
311,2017-08-24,EBL,42.4,42.4,41.7,42.3,42.1,41.6,494,38.638,"920,337"
312,2017-08-23,EBL,41.5,42,41.4,41.7,41.6,41.6,257,26.196,"629,676"
313,2017-08-22,EBL,41.9,42.5,41.4,42.4,41.6,42.2,398,33.858,"810,044"
314,2017-08-21,EBL,42.5,42.7,41.6,41.8,42.2,41.2,431,34.072,"811,962"
315,2017-08-20,EBL,41.1,42.7,40.8,42.7,41.2,42.5,306,23.927,"578,836"
316,2017-08-17,EBL,42.4,44.9,42.1,44.9,42.5,44.4,683,37.872,"874,943"
317,2017-08-16,EBL,44.4,46.5,44.1,46.3,44.4,45.8,607,43.883,"972,349"
318,2017-08-13,EBL,46,48,45,45,45.8,44.6,"1,218",109.586,"2,350,802"
319,2017-08-10,EBL,45,45.8,42.9,43,44.6,42.7,723,83.878,"1,912,079"
320,2017-08-09,EBL,42.9,43.7,42.6,43.2,42.7,42.9,416,40.686,"944,229"
321,2017-08-08,EBL,43.2,43.4,42.6,42.8,42.9,42.7,851,87.676,"2,038,141"
322,2017-08-07,EBL,43,43.8,42.2,42.4,42.7,41.9,918,336.333,"7,885,631"
323,2017-08-06,EBL,42,42.6,41.1,42.6,41.9,42.5,432,34.982,"834,773"
324,2017-08-03,EBL,42.5,42.9,41.7,42.5,42.5,42.5,349,31.941,"752,886"
325,2017-08-02,EBL,42.6,42.8,40,42.2,42.5,42,706,50.366,"1,196,574"
326,2017-08-01,EBL,41.6,43.2,39.3,39.7,42,39.5,772,77.472,"1,854,102"
327,2017-07-31,EBL,39.5,40,36.7,36.7,39.5,37,587,45.9,"1,175,628"
328,2017-07-30,EBL,37,37.1,36.4,36.4,37,36.9,103,6.425,"173,855"
329,2017-07-27,EBL,37,37.5,36.5,37,36.9,36.8,163,13.917,"378,360"
330,2017-07-26,EBL,37,37,36.3,36.5,36.8,36.7,99,5.676,"154,862"
331,2017-07-25,EBL,37,37,36.4,36.4,36.7,36.5,102,9.277,"253,625"
332,2017-07-24,EBL,36.1,36.7,35.9,36.1,36.5,36,265,15.087,"416,141"
333,2017-07-23,EBL,36,36.2,35.7,36.2,36,36,52,2.965,"82,497"
334,2017-07-20,EBL,36.1,36.2,35,35,36,36.1,42,3.654,"101,400"
335,2017-07-19,EBL,36,36.2,35.7,35.7,36.1,36.2,89,6.052,"167,927"
336,2017-07-18,EBL,36.1,36.4,36.1,36.1,36.2,36.1,55,2.108,"58,214"
337,2017-07-17,EBL,36,36.6,35.9,36,36.1,36.5,126,6.697,"185,229"
338,2017-07-16,EBL,36.5,37,35.9,35.9,36.5,36.6,110,8.749,"239,046"
339,2017-07-13,EBL,36.7,36.8,35.7,36.1,36.6,36.1,166,24.715,"684,046"
340,2017-07-12,EBL,36.4,36.9,36,36.9,36.1,37,80,4.797,"132,772"
341,2017-07-11,EBL,36.8,38,35.4,35.8,37,35.6,371,26.044,"705,155"
342,2017-07-10,EBL,35.6,36,34.8,34.8,35.6,35.1,255,33.811,"949,370"
343,2017-07-09,EBL,35.1,35.2,34.9,35.1,35.1,35.1,167,16.418,"468,594"
344,2017-07-06,EBL,34.9,35.4,34.9,35.4,35.1,35.2,295,35.864,"1,019,373"
345,2017-07-05,EBL,35,35.3,34.7,34.7,35.2,35,152,11.338,"322,568"
346,2017-07-04,EBL,34.9,35.1,34.8,35,35,35,202,16.591,"474,699"
347,2017-07-03,EBL,35.1,35.2,34.3,34.3,35,34.7,406,32.521,"935,336"
348,2017-07-02,EBL,34.5,35,34,35,34.7,35,177,7.694,"224,074"
349,2017-06-29,EBL,35.8,35.8,33.4,33.4,35,33.8,323,51.28,"1,500,205"
350,2017-06-28,EBL,33.8,34,33,33,33.8,32.9,170,22.52,"671,000"
351,2017-06-22,EBL,32.7,33,32.5,32.5,32.9,32.5,102,18.071,"549,282"
352,2017-06-21,EBL,32.5,32.8,32.4,32.8,32.5,32.5,159,26.657,"818,157"
353,2017-06-20,EBL,32.6,32.6,32.2,32.2,32.5,32.5,128,24.214,"743,842"
354,2017-06-19,EBL,32.5,32.5,32,32,32.5,32.4,92,10.432,"321,352"
355,2017-06-18,EBL,32.4,32.5,32.1,32.1,32.4,32.2,63,10.523,"325,279"
356,2017-06-15,EBL,32.3,32.3,32,32.1,32.2,32.1,59,10.486,"325,747"
357,2017-06-14,EBL,32.1,32.2,32,32.1,32.1,32.3,30,1.093,"34,071"
358,2017-06-13,EBL,32.3,32.3,32.2,32.2,32.3,32.3,39,3.097,"95,912"
359,2017-06-12,EBL,32.2,32.5,32.2,32.4,32.3,32.2,66,4.491,"138,936"
360,2017-06-11,EBL,32.2,32.2,32.1,32.1,32.2,32.1,71,4.03,"125,381"
361,2017-06-08,EBL,32.1,32.4,32,32.1,32.1,32,102,8.774,"272,830"
362,2017-06-07,EBL,32,32,31.9,31.9,32,32,60,6.288,"196,536"
363,2017-06-06,EBL,32,32,31.8,31.9,32,32,65,2.629,"82,309"
364,2017-06-05,EBL,32,32.3,31.8,31.9,32,31.9,115,11.535,"359,831"
365,2017-06-04,EBL,32,32,31.6,32,31.9,31.7,135,20.283,"637,905"
366,2017-06-01,EBL,31.7,32,31.6,31.9,31.7,31.7,117,7.457,"233,835"
367,2017-05-31,EBL,31.6,31.8,31.4,31.4,31.7,31.4,65,3.15,"99,903"
368,2017-05-30,EBL,31.5,31.6,31.3,31.5,31.4,31.5,60,2.45,"77,938"
369,2017-05-29,EBL,31.5,31.7,31.3,31.3,31.5,31.4,43,1.584,"50,363"
370,2017-05-28,EBL,31.5,31.9,31.3,31.8,31.4,31.8,84,9.058,"288,445"
371,2017-05-25,EBL,31.6,31.8,31.1,31.2,31.8,31.2,191,14.795,"467,613"
372,2017-05-24,EBL,31.1,31.2,31,31.1,31.2,31.1,102,2.518,"80,915"
373,2017-05-23,EBL,31,31.2,31,31.1,31.1,31.1,70,4.212,"135,259"
374,2017-05-22,EBL,31,31.2,30.9,30.9,31.1,30.9,59,4.861,"156,738"
375,2017-05-21,EBL,30.9,30.9,30.8,30.8,30.9,30.9,35,11.754,"380,420"
376,2017-05-18,EBL,30.7,31,30.7,30.9,30.9,30.9,63,8.667,"280,357"
377,2017-05-17,EBL,31,31,30.6,30.6,30.9,30.8,49,3.64,"118,166"
378,2017-05-16,EBL,30.7,31,30.7,31,30.8,30.8,64,6.336,"204,834"
379,2017-05-15,EBL,31.1,31.1,30.5,31,30.8,31,55,4.465,"144,773"
380,2017-05-14,EBL,31,31,30.5,31,31,30.6,128,10.675,"345,235"
381,2017-05-11,EBL,30.7,30.8,30.5,30.5,30.6,31.1,42,2.082,"68,000"
382,2017-05-09,EBL,31.1,31.2,30.4,30.4,31.1,30.8,79,5.191,"167,337"
383,2017-05-08,EBL,30.8,30.9,30.7,30.7,30.8,30.6,86,3.771,"122,576"
384,2017-05-07,EBL,30.6,30.6,30.6,30.6,30.6,30.5,38,2.927,"95,659"
385,2017-05-04,EBL,30.5,30.5,30.3,30.3,30.5,30.5,58,5.29,"173,549"
386,2017-05-03,EBL,30.5,30.7,30.5,30.5,30.5,30.4,47,3.082,"100,936"
387,2017-05-02,EBL,30.5,30.5,30.2,30.5,30.4,30.6,85,5.008,"164,651"
388,2017-04-30,EBL,30.4,30.7,30.4,30.6,30.6,30.5,72,5.218,"170,504"
389,2017-04-27,EBL,30.3,30.7,30.2,30.2,30.5,30.6,37,2.11,"69,150"
390,2017-04-26,EBL,30.5,30.6,30.3,30.3,30.6,30.4,46,4.1,"134,349"
391,2017-04-25,EBL,30.7,30.8,30.3,30.5,30.4,30.5,78,5.281,"172,960"
392,2017-04-24,EBL,30.7,30.7,30.1,30.1,30.5,30.3,67,3.519,"115,429"
393,2017-04-23,EBL,30.4,30.5,30.1,30.1,30.3,30.5,76,5.29,"174,065"
394,2017-04-20,EBL,30.4,30.5,30.3,30.3,30.5,30.5,143,16.35,"537,240"
395,2017-04-19,EBL,30.4,30.6,30.2,30.2,30.5,30.6,54,2.621,"86,099"
396,2017-04-18,EBL,30.5,30.7,30.1,30.4,30.6,30.5,101,6.225,"205,627"
397,2017-04-17,EBL,30.5,30.8,30,30.2,30.5,30.4,150,21.565,"714,165"
398,2017-04-16,EBL,30.1,30.4,30,30,30.4,30.4,77,6.086,"200,729"
399,2017-04-13,EBL,30.5,31.3,30.2,31.3,30.4,30.4,108,6.267,"205,003"
400,2017-04-12,EBL,31,31.9,29.7,31.9,30.4,34.5,280,21.002,"698,353"
401,2017-04-11,EBL,0,0,0,0,34.5,34.5,0,0,0
402,2017-04-10,EBL,34.6,34.7,33.4,33.4,34.5,33.4,899,113.299,"3,325,198"
403,2017-04-09,EBL,33.5,33.5,33.1,33.3,33.4,33.1,469,49.384,"1,481,968"
404,2017-04-06,EBL,33.2,33.3,32.5,32.5,33.1,32.6,458,35.361,"1,069,133"
405,2017-04-05,EBL,32.6,33.1,32.3,32.5,32.6,33,194,25.855,"787,956"
406,2017-04-04,EBL,32.9,33.4,32.9,33.3,33,33.1,176,33.394,"1,011,510"
407,2017-04-03,EBL,33,33.3,32.9,33.1,33.1,33,200,8.051,"242,852"
408,2017-04-02,EBL,33.2,35,32.8,33.5,33,32.9,144,9.78,"296,254"
409,2017-03-30,EBL,32.9,33.4,32.8,33.1,32.9,33.4,176,11.222,"338,832"
410,2017-03-29,EBL,33.2,33.6,33,33,33.4,33,236,20.6,"617,702"
411,2017-03-28,EBL,33.2,33.3,32.8,32.9,33,32.8,229,20.535,"622,178"
412,2017-03-27,EBL,33,33.5,32.5,33.2,32.8,32.8,152,11.108,"337,223"
413,2017-03-23,EBL,32.9,34.1,32.6,34.1,32.8,34,428,24.413,"730,209"
414,2017-03-22,EBL,34.1,34.6,33.9,34.2,34,34.1,435,28.051,"822,411"
415,2017-03-21,EBL,34.2,34.5,33.7,34.5,34.1,34.8,818,41.465,"1,214,417"
416,2017-03-20,EBL,34.5,35,34.4,34.8,34.8,34.7,530,18.975,"546,957"
417,2017-03-19,EBL,34.5,35.4,34.5,35,34.7,34.7,350,25.377,"726,031"
418,2017-03-16,EBL,34.8,35.3,34.5,35.3,34.7,35.3,422,21.181,"609,206"
419,2017-03-15,EBL,35.5,36,34.9,35.5,35.3,35,454,37.366,"1,056,895"
420,2017-03-14,EBL,35.2,35.4,34.2,34.2,35,34.1,525,55.858,"1,609,254"
421,2017-03-13,EBL,34,34.3,33.9,34,34.1,34,120,9.032,"264,638"
422,2017-03-12,EBL,34,34.4,33.7,33.7,34,33.8,91,5.697,"167,387"
423,2017-03-09,EBL,33.8,34.5,33.7,34,33.8,33.7,232,11.959,"350,432"
424,2017-03-08,EBL,33.9,33.9,33.4,33.5,33.7,33.4,190,14.799,"440,168"
425,2017-03-07,EBL,33.4,33.5,33.1,33.2,33.4,33.3,75,2.727,"81,675"
426,2017-03-06,EBL,33,33.5,32.8,33.3,33.3,33.3,81,6.401,"193,176"
427,2017-03-05,EBL,33.2,33.6,32.9,33,33.3,33,43,1.916,"57,751"
428,2017-03-02,EBL,32.9,33.6,32.9,33.5,33,33.5,71,3.203,"96,363"
429,2017-03-01,EBL,33.5,33.7,33.3,33.7,33.5,33.9,94,5.384,"160,819"
430,2017-02-28,EBL,33.8,34.2,33.5,34.2,33.9,33.9,126,7.4,"217,883"
431,2017-02-27,EBL,34,34,33.4,33.5,33.9,33.4,207,52.375,"1,558,193"
432,2017-02-26,EBL,33.5,33.5,33.1,33.2,33.4,33.1,87,5.089,"152,576"
433,2017-02-23,EBL,33.1,33.2,33,33,33.1,33.4,70,1.986,"60,025"
434,2017-02-22,EBL,33.5,33.7,33.3,33.3,33.4,33.2,105,5.899,"176,180"
435,2017-02-20,EBL,33,33.4,32.3,32.3,33.2,33,122,8.756,"264,385"
436,2017-02-19,EBL,33.1,33.2,32.7,33,33,33.1,146,5.983,"181,452"
437,2017-02-16,EBL,33,33.2,32.9,32.9,33.1,33,127,5.797,"175,204"
438,2017-02-15,EBL,33.1,33.5,32.8,33.3,33,33.2,124,5.385,"162,622"
439,2017-02-14,EBL,33.2,33.4,33.1,33.1,33.2,33.1,105,10.841,"327,057"
440,2017-02-13,EBL,33.1,33.4,33,33.4,33.1,33.2,93,6.957,"210,064"
441,2017-02-12,EBL,33.3,33.7,33,33.5,33.2,33.2,129,5.985,"179,691"
442,2017-02-09,EBL,33.5,33.7,33,33.3,33.2,33.2,163,7.02,"211,038"
443,2017-02-08,EBL,33.2,33.9,32.9,33.9,33.2,32.9,103,5.775,"173,443"
444,2017-02-07,EBL,32.8,33.9,32.8,33.4,32.9,32.9,148,7.836,"237,047"
445,2017-02-06,EBL,32.7,33.1,32.5,32.5,32.9,32.8,158,7.266,"221,722"
446,2017-02-05,EBL,32.8,33.1,32.1,32.8,32.8,33.1,502,11.001,"336,883"
447,2017-02-02,EBL,33.3,33.3,32.3,33,33.1,32.9,680,18.189,"554,870"
448,2017-02-01,EBL,33.1,33.9,32.5,33.9,32.9,33.2,205,8.664,"262,536"
449,2017-01-31,EBL,33.1,33.5,32.7,33,33.2,32.9,339,17.473,"527,386"
450,2017-01-30,EBL,33,34,32.3,33.8,32.9,33.3,269,15.796,"478,033"
451,2017-01-29,EBL,33.1,35.3,33.1,34.9,33.3,34.8,349,19.608,"577,196"
452,2017-01-26,EBL,35,35,33.4,33.6,34.8,34.1,428,29.813,"865,980"
453,2017-01-25,EBL,34.7,35.6,33.3,35.6,34.1,35.6,441,27.141,"782,454"
454,2017-01-24,EBL,35.7,35.9,34,34.7,35.6,34.8,659,46.705,"1,332,091"
455,2017-01-23,EBL,34.5,35.8,32.8,34.1,34.8,33.5,839,101.279,"2,944,294"
456,2017-01-22,EBL,33.6,33.6,32.3,32.4,33.5,32.3,507,31.795,"963,861"
457,2017-01-19,EBL,32.3,32.7,31.6,32.5,32.3,32.8,264,16.472,"510,725"
458,2017-01-18,EBL,32.4,33.3,32.2,33.3,32.8,33.2,428,31.437,"960,751"
459,2017-01-17,EBL,33.4,33.5,32.3,32.9,33.2,31.8,498,47.507,"1,442,862"
460,2017-01-16,EBL,31.6,32.8,30.9,31,31.8,31.1,459,42.964,"1,369,653"
461,2017-01-15,EBL,31.2,31.2,30.2,30.4,31.1,30.5,330,32.628,"1,063,460"
462,2017-01-12,EBL,30.6,30.9,30.3,30.5,30.5,30.5,161,10.13,"331,737"
463,2017-01-11,EBL,30.6,30.9,30.3,30.4,30.5,30.2,177,13.94,"453,815"
464,2017-01-10,EBL,30.1,30.4,29.9,30.2,30.2,30,116,8.399,"278,733"
465,2017-01-09,EBL,30,30.8,29.9,30.4,30,30,230,15.937,"527,831"
466,2017-01-08,EBL,30.1,30.4,29.4,29.5,30,29.6,146,10.084,"335,741"
467,2017-01-05,EBL,29.8,29.8,29.3,29.3,29.6,29.3,119,13.291,"450,372"
468,2017-01-04,EBL,29.3,29.5,29.3,29.3,29.3,29.4,60,2.831,"96,148"
469,2017-01-03,EBL,29.3,29.7,29.2,29.2,29.4,29.3,113,8.618,"292,020"
470,2017-01-02,EBL,29.2,29.5,29.2,29.3,29.3,29.1,166,27.614,"940,853"
471,2017-01-01,EBL,29.1,29.5,29,29.5,29.1,29,142,9.768,"335,744"
472,2016-12-29,EBL,29,29.5,28.8,29.3,29,29,141,11.82,"406,824"
473,2016-12-28,EBL,28.9,29.5,28.9,29.5,29,29.2,146,12.389,"426,143"
474,2016-12-27,EBL,29,29.5,29,29.5,29.2,29,183,11.09,"379,473"
475,2016-12-26,EBL,28.9,29.1,28.5,28.5,29,28.7,106,11.87,"409,648"
476,2016-12-22,EBL,28.6,28.8,28.5,28.6,28.7,28.6,100,18.667,"650,886"
477,2016-12-21,EBL,28.7,28.7,28.2,28.2,28.6,28.2,71,7.371,"257,887"
478,2016-12-20,EBL,28.1,28.8,28,28.8,28.2,28.1,196,36.024,"1,265,151"
479,2016-12-19,EBL,27.9,29,27.9,28.9,28.1,28.7,411,21.446,"758,718"
480,2016-12-18,EBL,28.9,29,28.6,28.8,28.7,28.9,84,6.023,"209,274"
481,2016-12-15,EBL,29,29,28.8,28.9,28.9,28.9,69,5.532,"191,155"
482,2016-12-14,EBL,29,29,28.8,29,28.9,28.9,44,1.489,"51,462"
483,2016-12-12,EBL,28.9,29,28.8,28.8,28.9,28.9,51,4.995,"172,846"
484,2016-12-11,EBL,28.8,29.1,28.8,29.1,28.9,28.9,43,2.207,"76,390"
485,2016-12-08,EBL,29,29.1,28.8,29,28.9,29,74,10.887,"375,838"
486,2016-12-07,EBL,29,29.1,28.9,29.1,29,29,88,16.627,"573,132"
487,2016-12-06,EBL,28.9,29.1,28.4,28.8,29,28.9,112,5.032,"174,119"
488,2016-12-05,EBL,28.8,29,28.8,28.9,28.9,29,73,3.448,"119,338"
489,2016-12-04,EBL,29,29.1,28.9,29,29,29,57,12.663,"436,790"
490,2016-12-01,EBL,29.1,29.2,28.9,28.9,29,29,58,2.578,"88,901"
491,2016-11-30,EBL,28.9,29,28.9,28.9,29,28.9,35,2.162,"74,604"
492,2016-11-29,EBL,28.8,29,28.8,29,28.9,28.9,106,7.447,"257,804"
493,2016-11-28,EBL,29,29.4,28.9,29.4,28.9,29.3,141,8.282,"285,513"
494,2016-11-27,EBL,29.3,29.8,29.2,29.5,29.3,29.6,65,3.601,"122,700"
495,2016-11-24,EBL,29.2,30.4,29.2,29.6,29.6,29.3,204,16.507,"556,007"
496,2016-11-23,EBL,29.3,29.5,28.8,29,29.3,29.3,80,15.053,"515,276"
497,2016-11-22,EBL,29.2,29.4,29.1,29.3,29.3,29.1,72,3.614,"123,570"
498,2016-11-21,EBL,29,31,28.8,29.2,29.1,28.7,110,5.302,"182,424"
499,2016-11-20,EBL,28.8,29.2,28.7,29.1,28.7,29.1,155,3.381,"117,325"
500,2016-11-17,EBL,28.9,29.3,28.9,28.9,29.1,29,59,3.559,"121,967"
501,2016-11-16,EBL,29,29.1,28.9,29,29,29.2,41,1.188,"40,933"
502,2016-11-15,EBL,29.1,29.3,28.7,28.7,29.2,29.1,63,2.796,"95,518"
503,2016-11-14,EBL,29,29.4,28.6,28.6,29.1,28.9,34,1.003,"34,619"
504,2016-11-13,EBL,29,29.1,28.8,28.8,28.9,29,14,0.123,"4,271"
505,2016-11-10,EBL,29,29.3,28.6,28.6,29,29,30,2.009,"69,173"
506,2016-11-09,EBL,28.6,29.3,28.5,29.3,29,29.3,30,2.811,"96,457"
507,2016-11-08,EBL,29.3,29.3,29,29,29.3,29.3,37,1.126,"38,467"
508,2016-11-07,EBL,29.2,29.3,29,29.2,29.3,29.2,63,1.553,"53,084"
509,2016-11-06,EBL,29.1,29.3,29,29.2,29.2,29.4,42,0.875,"30,007"
510,2016-11-03,EBL,29.4,29.4,28.9,29,29.4,29,23,1.411,"48,064"
511,2016-11-02,EBL,29,29.3,29,29,29,29.1,93,3.06,"105,118"
512,2016-11-01,EBL,29,29.2,29,29,29.1,28.9,34,0.939,"32,263"
513,2016-10-31,EBL,29.2,29.2,28.4,28.5,28.9,29,34,1.108,"38,526"
514,2016-10-30,EBL,29,29,28.9,29,29,29,16,0.559,"19,276"
515,2016-10-27,EBL,29,29,29,29,29,29.1,5,0.073,"2,519"
516,2016-10-26,EBL,29,30,28.9,29.1,29.1,29.2,114,3.869,"133,270"
517,2016-10-25,EBL,29.1,29.3,29.1,29.3,29.2,29.2,35,0.98,"33,571"
518,2016-10-24,EBL,29.2,29.2,29.1,29.2,29.2,29.2,37,0.816,"27,955"
519,2016-10-23,EBL,29.3,29.3,29.1,29.2,29.2,29.1,64,3.159,"108,097"
520,2016-10-20,EBL,29.3,29.3,29,29.3,29.1,29.4,91,2.817,"96,691"
521,2016-10-19,EBL,29.4,29.5,29.3,29.3,29.4,29.4,115,5.481,"186,235"
522,2016-10-18,EBL,29.4,29.5,29.2,29.3,29.4,29.3,78,2.582,"88,000"
523,2016-10-17,EBL,29.3,29.4,29.3,29.4,29.3,29.4,73,3.078,"105,027"
524,2016-10-16,EBL,29.4,29.4,29.3,29.3,29.4,29.4,66,3.085,"105,034"
525,2016-10-13,EBL,29.4,29.4,29.3,29.3,29.4,29.3,19,0.714,"24,322"
526,2016-10-10,EBL,29.3,29.5,29.2,29.3,29.3,29.4,90,5.832,"198,995"
527,2016-10-09,EBL,29.3,29.5,29.3,29.5,29.4,29.2,37,1.822,"61,999"
528,2016-10-06,EBL,29.2,29.3,29.2,29.3,29.2,29.3,96,5.046,"172,785"
529,2016-10-05,EBL,29.2,29.3,29.1,29.1,29.3,29.2,38,1.307,"44,634"
530,2016-10-04,EBL,29.2,29.3,29.2,29.2,29.2,29.2,82,4.014,"137,427"
531,2016-10-03,EBL,29.2,29.3,29.1,29.3,29.2,29.2,77,4.345,"148,804"
532,2016-10-02,EBL,29.3,29.3,29.2,29.3,29.2,29.4,42,1.447,"49,482"
533,2016-09-29,EBL,29.4,29.4,29.2,29.4,29.4,29.4,40,1.226,"41,712"
534,2016-09-28,EBL,29.2,29.5,29.1,29.1,29.4,29.3,90,7.679,"261,364"
535,2016-09-27,EBL,29.3,29.5,29.2,29.2,29.3,29.4,76,5.194,"177,051"
536,2016-09-26,EBL,29.5,29.5,29.4,29.4,29.4,29.5,78,3.451,"117,340"
537,2016-09-25,EBL,29.5,29.5,29.3,29.5,29.5,29.5,127,5.227,"177,775"
538,2016-09-24,EBL,29.5,29.8,29,29,29.5,29,121,7.632,"258,455"
539,2016-09-22,EBL,29,29.1,28.9,29,29,29.1,34,2.303,"79,386"
540,2016-09-21,EBL,29.1,29.4,29,29.1,29.1,29.1,113,5.037,"173,104"
541,2016-09-20,EBL,29.2,29.2,29,29,29.1,29,35,0.999,"34,353"
542,2016-09-19,EBL,29.2,29.2,29,29,29,29.1,57,3.235,"111,198"
543,2016-09-18,EBL,29.2,29.2,28.9,28.9,29.1,28.9,43,3.299,"113,445"
544,2016-09-08,EBL,28.9,29.2,28.8,29,28.9,29.2,85,2.957,"101,955"
545,2016-09-07,EBL,29,29.3,28.8,28.8,29.2,28.7,38,1.554,"53,326"
546,2016-09-06,EBL,28.7,28.7,28.5,28.7,28.7,28.8,33,1.756,"61,331"
547,2016-09-05,EBL,29,29.1,28.8,29,28.8,28.9,47,4.812,"166,663"
548,2016-09-04,EBL,29,29,28.7,28.7,28.9,28.9,25,6.151,"213,270"
549,2016-09-01,EBL,28.7,29,28.7,28.8,28.9,28.7,32,1.059,"36,700"
550,2016-08-31,EBL,28.7,29,28.6,28.6,28.7,28.9,51,3.261,"113,467"
551,2016-08-30,EBL,28.8,29.2,28.7,28.9,28.9,29.2,32,3.839,"132,581"
552,2016-08-29,EBL,29.5,29.5,28.9,29.2,29.2,29.2,63,4.941,"169,619"
553,2016-08-28,EBL,29.1,29.9,29,29,29.2,29.4,40,5.284,"180,045"
554,2016-08-24,EBL,29.4,29.4,28.9,29,29.4,29.3,28,2.503,"85,285"
555,2016-08-23,EBL,29,29.4,28.9,29,29.3,29.6,28,3.988,"136,800"
556,2016-08-22,EBL,29.5,29.8,28.8,28.8,29.6,29.3,68,7.46,"255,226"
557,2016-08-21,EBL,28.7,29.4,28.3,28.3,29.3,28.8,51,3.176,"109,325"
558,2016-08-18,EBL,29,29,28.2,28.7,28.8,29.1,57,3.8,"132,332"
559,2016-08-17,EBL,28.9,29.5,28.7,28.7,29.1,28.9,68,2.664,"91,582"
560,2016-08-16,EBL,29,29,28.4,28.4,28.9,28.6,58,2.385,"82,935"
561,2016-08-14,EBL,28.7,28.7,28.2,28.2,28.6,28.2,63,2.045,"71,846"
562,2016-08-11,EBL,28.3,28.3,28.1,28.1,28.2,28.1,43,2.085,"73,929"
563,2016-08-10,EBL,28.2,28.2,28,28.1,28.1,28.3,21,0.578,"20,597"
564,2016-08-09,EBL,28.1,28.5,28,28.2,28.3,28.1,32,1.2,"42,426"
565,2016-08-08,EBL,28.1,28.1,28,28,28.1,28.1,36,3.187,"113,702"
566,2016-08-07,EBL,28,28.5,27.9,28,28.1,28.1,54,1.604,"57,093"
567,2016-08-04,EBL,28,28.2,28,28,28.1,28,37,0.859,"30,552"
568,2016-08-03,EBL,28,28.3,28,28.2,28,28.1,52,1.688,"60,104"
569,2016-08-02,EBL,28,28.3,28,28,28.1,28.1,45,1.942,"69,243"
570,2016-08-01,EBL,28.2,28.4,28.1,28.3,28.1,28.3,31,0.385,"13,689"
571,2016-07-31,EBL,28.2,29.1,28.1,28.6,28.3,29.1,68,1.947,"68,445"
572,2016-07-28,EBL,28.5,30.4,27.9,28.1,29.1,28,75,2.371,"81,694"
573,2016-07-27,EBL,28,28,27.8,27.9,28,28,37,1.823,"65,253"
574,2016-07-26,EBL,28.1,28.1,27.9,27.9,28,27.8,25,0.851,"30,404"
575,2016-07-25,EBL,27.8,28.5,27.7,28.1,27.8,28.4,141,4.596,"164,139"
576,2016-07-24,EBL,28.3,28.5,28.3,28.5,28.4,28.7,53,1.615,"56,799"
577,2016-07-21,EBL,28.7,28.9,27.8,28,28.7,28.2,81,6.267,"220,360"
578,2016-07-20,EBL,28,28.4,28,28.2,28.2,28.2,83,3.721,"132,005"
579,2016-07-19,EBL,28.2,28.7,28.1,28.7,28.2,28.4,54,2.953,"104,353"
580,2016-07-18,EBL,28.4,28.7,28.2,28.7,28.4,28.3,93,5.325,"186,890"
581,2016-07-17,EBL,28.4,28.6,28.1,28.1,28.3,28.1,73,3.081,"108,758"
582,2016-07-16,EBL,28.2,28.2,27.8,27.8,28.1,28.3,46,0.957,"34,041"
583,2016-07-14,EBL,28.3,28.7,28.2,28.7,28.3,28.5,36,1.066,"37,580"
584,2016-07-13,EBL,28.7,29,28.4,29,28.5,29,50,1.51,"52,829"
585,2016-07-12,EBL,29.1,29.5,28.7,28.8,29,29,118,6.02,"206,254"
586,2016-07-11,EBL,28.8,29.1,28.7,28.7,29,29.2,51,2.096,"72,363"
587,2016-07-10,EBL,28.9,29.5,28.4,29,29.2,29.2,94,6.673,"228,560"
588,2016-06-30,EBL,29.8,29.8,28.2,28.5,29.2,28.4,180,14.729,"506,602"
589,2016-06-29,EBL,28.8,28.8,27.8,27.9,28.4,28.1,115,11.523,"407,313"
590,2016-06-28,EBL,28.5,28.5,27.1,27.1,28.1,27.5,101,6.005,"217,165"
591,2016-06-27,EBL,27.5,27.5,26.6,26.6,27.5,26.9,112,4.429,"161,857"
592,2016-06-26,EBL,26.9,27,26.6,26.6,26.9,27,33,1.666,"62,113"
593,2016-06-23,EBL,26.9,27.1,26.6,26.6,27,26.7,111,7.599,"283,224"
594,2016-06-22,EBL,26.6,26.7,26.3,26.3,26.7,26.6,53,1.785,"67,032"
595,2016-06-21,EBL,26.6,26.7,26.4,26.5,26.6,26.5,46,1.971,"74,081"
596,2016-06-20,EBL,26.5,26.6,26.4,26.4,26.5,26.6,14,0.371,"14,023"
597,2016-06-19,EBL,26.5,26.7,26.3,26.6,26.6,26.5,45,1.49,"56,313"
598,2016-06-16,EBL,26.5,26.8,26.5,26.5,26.5,26.7,16,0.649,"24,468"
599,2016-06-15,EBL,26.7,26.8,26.3,26.3,26.7,26.7,27,0.554,"20,793"
600,2016-06-14,EBL,26.8,26.9,26.5,26.9,26.7,26.8,68,2.71,"101,471"
601,2016-06-13,EBL,26.7,26.9,26.5,26.5,26.8,27,57,0.902,"33,795"
602,2016-06-12,EBL,27.1,27.1,26.8,26.8,27,27.1,44,1.95,"72,199"
603,2016-06-09,EBL,26.9,27.1,26.5,26.9,27.1,27,47,1.46,"54,314"
604,2016-06-08,EBL,27.1,27.2,26.9,26.9,27,27,37,1.034,"38,223"
605,2016-06-07,EBL,27,27.1,26.4,26.7,27,26.5,55,5.568,"206,636"
606,2016-06-06,EBL,26.6,26.9,26.1,26.2,26.5,26.3,67,3.651,"137,446"
607,2016-06-05,EBL,26.4,26.5,26,26.2,26.3,26.3,26,0.309,"11,756"
608,2016-06-02,EBL,26.3,26.3,25.7,26.3,26.3,26.4,14,0.529,"20,136"
609,2016-06-01,EBL,26.3,26.6,26.3,26.6,26.4,26.7,22,0.562,"21,264"
610,2016-05-31,EBL,26.7,26.8,26.5,26.5,26.7,26.8,35,1.827,"68,501"
611,2016-05-30,EBL,26.7,26.9,26.3,26.3,26.8,26.5,22,0.61,"22,775"
612,2016-05-29,EBL,26.5,26.9,26.3,26.9,26.5,26.5,10,0.624,"23,565"
613,2016-05-26,EBL,26.3,26.5,26.1,26.1,26.5,26.6,17,0.288,"10,880"
614,2016-05-25,EBL,26.7,26.8,26.5,26.7,26.6,26.8,34,0.747,"28,028"
615,2016-05-24,EBL,26.8,27,26.6,27,26.8,26.6,38,1.257,"46,945"
616,2016-05-22,EBL,26.8,26.8,26.5,26.6,26.6,26.6,32,0.957,"35,955"
617,2016-05-19,EBL,26.6,26.7,26.6,26.7,26.6,26.6,46,1.073,"40,331"
618,2016-05-18,EBL,26.4,26.7,25.8,25.8,26.6,26.1,44,1.414,"53,414"
619,2016-05-17,EBL,26,26.5,26,26.5,26.1,26.2,30,1.027,"39,360"
620,2016-05-16,EBL,26,26.3,26,26.3,26.2,26.4,24,0.786,"29,959"
621,2016-05-15,EBL,26,26.6,26,26.2,26.4,25.9,53,1.786,"67,652"
622,2016-05-12,EBL,25.9,26.1,25.6,25.6,25.9,25.9,28,1.405,"54,287"
623,2016-05-11,EBL,25.8,25.9,25.7,25.7,25.9,25.9,21,0.745,"28,810"
624,2016-05-10,EBL,25.9,26,25.7,25.8,25.9,26.2,25,1.816,"70,190"
625,2016-05-09,EBL,26.3,26.8,25.7,26.8,26.2,26.2,27,2.29,"87,301"
626,2016-05-08,EBL,26.1,26.2,25.7,25.8,26.2,26.1,51,1.377,"52,894"
627,2016-05-05,EBL,26,26.2,25.6,25.7,26.1,25.8,140,4.582,"176,165"
628,2016-05-04,EBL,25.8,26,25.1,25.3,25.8,25.4,87,4.932,"192,553"
629,2016-05-03,EBL,25.3,26,25.2,25.8,25.4,25.3,47,1.092,"42,851"
630,2016-05-02,EBL,25.1,25.6,24.9,25.6,25.3,25.4,32,1.042,"41,252"
631,2016-04-28,EBL,25.4,25.9,25.1,25.3,25.4,26.1,35,1.094,"43,257"
632,2016-04-27,EBL,26,26.6,26,26.2,26.1,26.4,41,1.465,"56,022"
633,2016-04-26,EBL,26.2,28,25.8,28,26.4,32.8,180,11.353,"417,091"
634,2016-04-25,EBL,0,0,0,0,32.8,32.8,0,0,0
635,2016-04-24,EBL,32.8,33.3,32.5,32.9,32.8,32.4,281,10.617,"322,654"
636,2016-04-21,EBL,32.4,32.5,32.2,32.2,32.4,32.2,98,3.414,"105,575"
637,2016-04-20,EBL,32.2,32.5,32,32.1,32.2,32,114,2.688,"83,465"
638,2016-04-19,EBL,32,32.3,31.9,32.3,32,32.1,91,4.433,"138,542"
639,2016-04-18,EBL,32,32.3,32,32,32.1,32.1,74,2.829,"88,222"
640,2016-04-17,EBL,32.2,32.2,31.8,31.8,32.1,32.2,77,3.855,"120,206"
641,2016-04-13,EBL,32.2,32.2,32,32.1,32.2,32.2,82,4.523,"141,001"
642,2016-04-12,EBL,32.2,32.3,31.9,31.9,32.2,32,102,5.629,"175,109"
643,2016-04-11,EBL,31.9,32.5,31.9,32.1,32,32.2,175,7.218,"225,084"
644,2016-04-10,EBL,32.2,32.2,31.7,31.9,32.2,31.8,116,6.713,"209,799"
645,2016-04-07,EBL,31.7,31.8,31.1,31.2,31.8,31.4,101,4.619,"146,076"
646,2016-04-06,EBL,31.4,31.6,31.1,31.5,31.4,31.7,109,4.519,"143,998"
647,2016-04-05,EBL,31.6,32,31.5,31.8,31.7,31.5,137,6.096,"191,725"
648,2016-04-04,EBL,31.6,33,31,32,31.5,30.4,387,21.246,"674,857"
649,2016-04-03,EBL,31,31,29,29,30.4,29.9,74,3.691,"121,837"
650,2016-03-31,EBL,29.7,30.4,29.5,30.2,29.9,30.6,70,2.516,"83,476"
651,2016-03-30,EBL,30.7,30.7,30.2,30.7,30.6,30.7,107,3.127,"102,150"
652,2016-03-29,EBL,30.8,30.8,29.8,30,30.7,30,200,9.837,"321,783"
653,2016-03-28,EBL,30,30.1,29.2,29.5,30,30.1,332,7.259,"245,224"
654,2016-03-27,EBL,30.2,30.5,29.3,29.4,30.1,29.5,91,3.225,"107,055"
655,2016-03-24,EBL,29.5,29.7,28.1,28.1,29.5,29.9,185,12.115,"412,158"
656,2016-03-23,EBL,29,30,29,29.5,29.9,30.5,62,2.597,"87,079"
657,2016-03-22,EBL,30,30.5,29,29.4,30.5,29.8,131,17.052,"564,036"
658,2016-03-21,EBL,30,30,28,28,29.8,28.9,100,6.415,"215,639"
659,2016-03-20,EBL,29,29,25.7,28,28.9,27.8,83,4.795,"168,680"
660,2016-03-16,EBL,27,28,26.1,27,27.8,26.4,177,9.569,"350,679"
661,2016-03-15,EBL,25.9,26.6,25.9,26.3,26.4,26.4,56,1.767,"67,016"
662,2016-03-14,EBL,26.6,26.6,26,26.1,26.4,26.4,52,0.936,"35,428"
663,2016-03-13,EBL,26.2,26.5,25.8,26.1,26.4,26.5,76,1.935,"73,993"
664,2016-03-10,EBL,26.6,26.7,25.6,25.8,26.5,25.1,70,3.719,"142,913"
665,2016-03-09,EBL,26,26.4,25,26.4,25.1,26.7,206,12.901,"506,025"
666,2016-03-08,EBL,26.3,27.9,26.3,27.8,26.7,28.5,190,12.641,"469,271"
667,2016-03-07,EBL,27.6,28.9,27.4,28.6,28.5,28.9,139,15.476,"540,906"
668,2016-03-06,EBL,29.2,30.1,28.8,29,28.9,30.1,124,17.339,"597,988"
669,2016-03-03,EBL,30,30.1,28.8,28.9,30.1,29.8,47,1.653,"55,275"
670,2016-03-02,EBL,30,30,29.3,29.3,29.8,29.3,25,1.111,"37,395"
671,2016-03-01,EBL,29.8,29.8,28.8,29.4,29.3,30,24,0.798,"27,248"
672,2016-02-29,EBL,30,30.1,29.2,29.2,30,29.8,37,1.227,"41,026"
673,2016-02-28,EBL,30,30,29.2,29.5,29.8,29.9,35,0.987,"33,177"
674,2016-02-25,EBL,29.9,29.9,28.6,28.6,29.9,30.1,33,1.146,"38,398"
675,2016-02-24,EBL,29.9,30.2,29.2,29.2,30.1,30,50,2.086,"69,838"
676,2016-02-23,EBL,30.1,30.1,28.7,29,30,28.7,78,1.756,"58,706"
677,2016-02-22,EBL,28.7,31.3,28.1,28.2,28.7,28.5,45,1.135,"38,841"
678,2016-02-18,EBL,28.8,28.8,28,28,28.5,28.7,44,3.707,"130,020"
679,2016-02-17,EBL,28.3,30,28.3,29.5,28.7,30,62,3.698,"127,902"
680,2016-02-16,EBL,30.2,30.2,29.5,29.5,30,29.9,17,0.86,"28,635"
681,2016-02-15,EBL,30,30,28.7,28.8,29.9,29.5,49,3.59,"120,361"
682,2016-02-14,EBL,29.5,30.5,29.4,30.3,29.5,30.3,40,1.462,"49,005"
683,2016-02-11,EBL,30.4,30.4,30.1,30.1,30.3,30.6,66,2.83,"93,693"
684,2016-02-10,EBL,30.3,30.7,29.5,29.5,30.6,29.9,100,9.194,"304,850"
685,2016-02-09,EBL,30,30,29,29,29.9,30.2,37,6.99,"236,231"
686,2016-02-08,EBL,30.1,30.4,29.2,29.3,30.2,29.8,126,12.091,"401,743"
687,2016-02-07,EBL,30,30,28.7,28.7,29.8,29.2,88,4.552,"154,040"
688,2016-02-04,EBL,29.3,29.4,28.6,28.8,29.2,29,72,9.71,"334,193"
689,2016-02-03,EBL,29,30.2,28.9,28.9,29,28.9,44,2.531,"86,862"
690,2016-02-02,EBL,28.8,29,28.2,28.4,28.9,29,40,1.665,"58,084"
691,2016-02-01,EBL,28.9,29.3,27.7,27.7,29,28.9,52,2.711,"93,591"
692,2016-01-31,EBL,28.6,29.3,28,28,28.9,29,18,0.779,"26,980"
693,2016-01-28,EBL,29,29.2,27.6,29,29,29,28,0.974,"33,618"
694,2016-01-27,EBL,28.9,29.1,28.6,28.6,29,28.8,17,1.265,"43,691"
695,2016-01-26,EBL,29,29,28.4,28.4,28.8,28.8,39,1.855,"64,547"
696,2016-01-25,EBL,29,29,28.2,28.2,28.8,29.3,19,0.251,"8,714"
697,2016-01-24,EBL,29.5,29.5,26.5,28.7,29.3,28.9,55,5.703,"195,490"
698,2016-01-21,EBL,28.8,29.2,28.7,28.7,28.9,29,21,0.439,"15,208"
699,2016-01-20,EBL,28.9,29,28.8,28.8,29,29,30,1.735,"59,872"
700,2016-01-19,EBL,29,29,28.8,29,29,29,47,2.202,"75,977"
701,2016-01-18,EBL,29,29.3,28.9,29,29,29,38,1.915,"65,836"
702,2016-01-17,EBL,29,29.4,28.7,28.8,29,29.1,37,2.055,"70,927"
703,2016-01-14,EBL,29.2,29.4,28.9,29,29.1,29.3,81,3.313,"114,098"
704,2016-01-13,EBL,29.2,29.5,28.5,28.5,29.3,29.5,63,3.504,"119,679"
705,2016-01-12,EBL,29.3,29.6,28.5,28.8,29.5,29.6,46,3.398,"115,526"
706,2016-01-11,EBL,29.6,29.8,29,29,29.6,29,86,4.84,"164,199"
707,2016-01-10,EBL,29,29.2,28.5,28.5,29,29,33,1.832,"63,162"
708,2016-01-07,EBL,29,29.1,28,28,29,28.8,82,6.571,"227,204"
709,2016-01-06,EBL,28.9,28.9,28.7,28.8,28.8,28.7,30,2.122,"73,706"
710,2016-01-05,EBL,28.7,29.1,28.5,29.1,28.7,28.8,89,6.843,"237,154"
711,2016-01-04,EBL,28.8,29,28.1,28.1,28.8,27.8,66,2.797,"97,007"
712,2016-01-03,EBL,28.1,28.1,27.7,27.7,27.8,28.6,2,0.002,85
#,DATE,TRADING CODE,LTP*,HIGH,LOW,OPENP*,CLOSEP*,YCP,TRADE,VALUE (mn),VOLUME
1,2018-11-29,EBL,35,35,33.7,33.9,34.7,34,104,6.217,"183,040"
2,2018-11-28,EBL,33.9,34.6,33.9,34.5,34,33.9,101,3.828,"112,323"
3,2018-11-27,EBL,33.9,34.4,33.8,34.4,33.9,34,76,3.787,"111,287"
4,2018-11-26,EBL,34,34.2,33.8,33.8,34,34,83,3.135,"92,329"
5,2018-11-25,EBL,33.9,35.7,33.9,35,34,34.1,84,5.169,"151,301"
6,2018-11-22,EBL,34.1,34.5,34.1,34.5,34.1,34.5,40,1.561,"45,723"
7,2018-11-20,EBL,34.4,34.9,33.7,33.7,34.5,33.7,104,6.721,"195,758"
8,2018-11-19,EBL,33.7,34,33.7,33.7,33.7,33.7,104,4.52,"133,806"
9,2018-11-18,EBL,33.7,34,33.5,34,33.7,34,180,4.843,"143,754"
10,2018-11-15,EBL,33.9,34.8,33.9,34.7,34,34.1,138,8.274,"241,632"
11,2018-11-14,EBL,34.2,35.7,34,35.5,34.1,34.9,121,4.783,"137,820"
12,2018-11-13,EBL,35,35.2,34.8,35.2,34.9,34.8,65,2.682,"76,750"
13,2018-11-12,EBL,34.5,35.6,34.5,35.6,34.8,34.6,56,3.097,"88,766"
14,2018-11-11,EBL,35.5,35.5,30.7,30.7,34.6,34.1,85,5.014,"145,094"
15,2018-11-08,EBL,34,34.2,34,34,34.1,34,29,0.974,"28,538"
16,2018-11-07,EBL,34.1,34.2,33.9,33.9,34,33.9,76,4.68,"137,641"
17,2018-11-06,EBL,34,34.5,33.8,34.5,33.9,34.4,55,2.177,"63,759"
18,2018-11-05,EBL,34.4,34.6,34,34,34.4,34.2,58,1.797,"52,229"
19,2018-11-04,EBL,34.1,34.7,33.9,33.9,34.2,34.7,35,1.105,"32,309"
20,2018-11-01,EBL,34.7,35.3,34.6,35.3,34.7,35,64,2.804,"80,473"
21,2018-10-31,EBL,34.8,35,34.5,34.8,35,34.8,69,5.699,"163,681"
22,2018-10-30,EBL,34.9,34.9,34.3,34.7,34.8,34.3,125,4.558,"131,816"
23,2018-10-29,EBL,34.8,35.2,33.5,34,34.3,34.2,142,5.537,"161,158"
24,2018-10-28,EBL,34.2,35,34.2,35,34.2,35.1,65,2.473,"71,990"
25,2018-10-25,EBL,35,35.3,34.6,35.2,35.1,35,41,2.048,"58,411"
26,2018-10-24,EBL,35,35.2,34.7,34.8,35,34.9,111,4.702,"134,380"
27,2018-10-23,EBL,34.5,35,34.2,35,34.9,34.5,48,2.411,"69,188"
28,2018-10-22,EBL,34.4,35,34.2,34.6,34.5,34.6,41,1.315,"37,996"
29,2018-10-21,EBL,34.5,35.3,34.5,35,34.6,34.6,136,6.912,"198,221"
30,2018-10-18,EBL,34.2,35,33.9,34.3,34.6,34,148,3.561,"103,273"
31,2018-10-17,EBL,34,34.4,34,34.4,34,34.1,91,3.538,"103,578"
32,2018-10-16,EBL,34.3,34.3,33.6,33.6,34.1,33.8,31,1.224,"35,978"
33,2018-10-15,EBL,33.6,34.3,33.6,34,33.8,34,186,9.554,"281,362"
34,2018-10-14,EBL,33.9,34.9,33.9,34.1,34,33.9,163,6.395,"187,334"
35,2018-10-11,EBL,33.9,34.4,33.7,34,33.9,33.7,120,9.583,"281,827"
36,2018-10-10,EBL,33.4,35,33.4,34.5,33.7,34.8,129,37.275,"1,092,305"
37,2018-10-09,EBL,34.6,35.1,34.2,34.2,34.8,35,107,2.806,"80,683"
38,2018-10-08,EBL,34.9,35.4,34.5,35.2,35,34.9,76,1.411,"40,180"
39,2018-10-07,EBL,35.1,37.4,33.1,34.3,34.9,34.3,176,4.485,"131,296"
40,2018-10-04,EBL,34.5,34.5,34.1,34.1,34.3,34.2,34,0.652,"19,030"
41,2018-10-03,EBL,34.1,35,34.1,34.6,34.2,34.1,58,2.114,"61,395"
42,2018-10-02,EBL,34.4,34.4,33.7,33.7,34.1,33.7,37,1.767,"51,930"
43,2018-10-01,EBL,33.5,34.7,33.3,33.5,33.7,33.3,42,2.178,"65,125"
44,2018-09-30,EBL,33.3,34,33.2,34,33.3,34.3,83,2.018,"60,201"
45,2018-09-27,EBL,34.6,34.7,34,34.4,34.3,34.4,65,4.906,"143,883"
46,2018-09-26,EBL,34.2,34.9,33.3,33.3,34.4,34,43,1.474,"43,174"
47,2018-09-25,EBL,33.6,35,33.5,34.4,34,34.1,70,1.654,"48,393"
48,2018-09-24,EBL,33.8,35.2,33.8,35.2,34.1,34.6,72,4.668,"135,596"
49,2018-09-23,EBL,34,35.9,34,35.9,34.6,34.7,23,0.643,"18,560"
50,2018-09-20,EBL,34.6,35.4,34.6,35.4,34.7,35.4,52,1.089,"31,300"
51,2018-09-19,EBL,35.6,36,34.5,34.5,35.4,34.5,144,8.34,"238,328"
52,2018-09-18,EBL,34.6,35,33.6,33.7,34.5,33.5,46,1.387,"40,603"
53,2018-09-17,EBL,33.3,33.9,33.3,33.6,33.5,33.6,58,2.383,"70,978"
54,2018-09-16,EBL,33.6,34,33.4,33.6,33.6,34,35,0.839,"24,947"
55,2018-09-13,EBL,34.2,34.9,33.7,34.1,34,34.6,139,5.048,"147,137"
56,2018-09-12,EBL,34.8,35.9,34.4,35.9,34.6,34.9,96,2.562,"73,701"
57,2018-09-11,EBL,34.8,35.2,34.8,35,34.9,35.2,92,3.219,"92,011"
58,2018-09-10,EBL,35,35.5,35,35.3,35.2,35.5,84,1.623,"45,972"
59,2018-09-09,EBL,35.5,36,35.4,35.7,35.5,35.9,76,1.691,"47,483"
60,2018-09-06,EBL,36.2,36.9,35.5,35.6,35.9,35.9,118,3.749,"104,109"
61,2018-09-05,EBL,35.8,36.8,35.8,36.8,35.9,36.1,102,1.931,"53,642"
62,2018-09-04,EBL,35.9,37,35.9,37,36.1,36.6,122,4.41,"122,060"
63,2018-09-03,EBL,36.3,37.1,36.3,37.1,36.6,37,97,2.596,"70,687"
64,2018-08-30,EBL,37,37.7,36.7,36.8,37,37,183,6.415,"173,084"
65,2018-08-29,EBL,37,38,36.9,37.8,37,37.5,184,6.252,"168,056"
66,2018-08-28,EBL,37.7,37.8,37,37,37.5,36.6,233,5.564,"149,144"
67,2018-08-27,EBL,36.2,37.7,36.2,37.4,36.6,37.1,165,14.107,"376,683"
68,2018-08-26,EBL,37.3,38,36.7,38,37.1,38.1,198,9.476,"252,985"
69,2018-08-20,EBL,38.2,38.2,36.8,37.5,38.1,37.5,421,12.855,"341,887"
70,2018-08-19,EBL,37.5,37.6,36.7,37,37.5,36.5,530,22.141,"594,239"
71,2018-08-16,EBL,36.1,37.4,35.9,36,36.5,35.7,443,15.675,"426,484"
72,2018-08-14,EBL,36,36.1,35.1,35.6,35.7,35.8,179,5.037,"141,453"
73,2018-08-13,EBL,35.9,36.4,34.7,35.8,35.8,35.2,467,13.627,"379,611"
74,2018-08-12,EBL,35.4,35.5,33.9,34.1,35.2,34.1,298,20.57,"598,521"
75,2018-08-09,EBL,34.1,34.5,33.4,34,34.1,33.6,191,7.532,"220,913"
76,2018-08-08,EBL,33.7,34,32.5,32.9,33.6,32.2,119,6.283,"188,608"
77,2018-08-07,EBL,32,33.1,32,32.9,32.2,32.3,116,4.12,"126,954"
78,2018-08-06,EBL,32.4,33,32,32,32.3,33,23,0.585,"18,110"
79,2018-08-05,EBL,33,33.3,33,33.1,33,33.2,108,4.43,"134,074"
80,2018-08-02,EBL,33.2,33.2,32.5,32.8,33.2,32.6,129,6.711,"203,216"
81,2018-08-01,EBL,32.7,32.7,32,32,32.6,31.6,122,2.902,"89,414"
82,2018-07-31,EBL,31.5,32.9,30.9,30.9,31.6,31,106,4.588,"145,892"
83,2018-07-30,EBL,31,31.7,30.8,31.6,31,30.9,82,1.998,"64,568"
84,2018-07-29,EBL,31.5,31.5,30.7,30.7,30.9,30.7,39,2.46,"79,499"
85,2018-07-26,EBL,30.7,31.2,30.6,31.1,30.7,31.1,93,4.774,"154,787"
86,2018-07-25,EBL,31.3,31.8,31.1,31.5,31.1,31.5,107,3.69,"117,627"
87,2018-07-24,EBL,31.2,31.7,31.2,31.5,31.5,31.5,67,2.878,"91,327"
88,2018-07-23,EBL,31.3,32,30.5,31,31.5,31.2,102,2.912,"94,218"
89,2018-07-22,EBL,31.2,31.6,31,31.3,31.2,31.5,174,15.056,"482,605"
90,2018-07-19,EBL,31.5,31.7,31.4,31.6,31.5,31.6,124,5.795,"183,581"
91,2018-07-18,EBL,31.6,31.7,31.4,31.4,31.6,31.5,155,4.281,"135,891"
92,2018-07-17,EBL,31.5,31.8,31.1,31.1,31.5,31.2,101,3.214,"101,913"
93,2018-07-16,EBL,31.5,31.6,30.7,30.7,31.2,31.2,193,18.792,"602,074"
94,2018-07-15,EBL,31,32,30.9,32,31.2,32,301,21.431,"686,569"
95,2018-07-12,EBL,32,32.2,31.9,32.2,32,32.2,150,7.426,"232,034"
96,2018-07-11,EBL,32,34,30.5,33.2,32.2,32.9,125,5.843,"176,600"
97,2018-07-10,EBL,33,33.1,32.5,32.5,32.9,32.7,195,18.606,"565,693"
98,2018-07-09,EBL,32.5,33.2,32.1,32.9,32.7,32.9,230,24.387,"741,617"
99,2018-07-08,EBL,33,33.1,32.7,33,32.9,33.1,253,13.712,"415,945"
100,2018-07-05,EBL,33.1,33.6,32.8,33.6,33.1,33.8,158,12.083,"366,055"
101,2018-07-04,EBL,33.9,34,33,33,33.8,33.2,99,3.123,"92,939"
102,2018-07-03,EBL,33.6,33.7,32.4,32.4,33.2,32.7,83,4.043,"121,491"
103,2018-07-02,EBL,32.4,33.7,32.2,33.2,32.7,33.8,56,1.68,"51,210"
104,2018-06-28,EBL,34,34.6,33.5,33.6,33.8,34.1,122,2.265,"66,957"
105,2018-06-27,EBL,33.4,35.1,33.3,35,34.1,34.9,215,4.086,"118,257"
106,2018-06-26,EBL,34.8,35,34.7,34.7,34.9,34.7,100,10.221,"292,936"
107,2018-06-25,EBL,34.7,35,34.6,34.8,34.7,35,113,3.713,"106,730"
108,2018-06-24,EBL,34.8,35.4,34.8,35,35,34.6,189,11.1,"316,770"
109,2018-06-21,EBL,34.5,35,34.5,34.9,34.6,34.5,212,15.544,"448,141"
110,2018-06-20,EBL,34.6,34.9,34.5,34.7,34.5,34.7,106,4.469,"129,276"
111,2018-06-19,EBL,34.5,35,34.5,34.5,34.7,34.5,104,9.88,"284,828"
112,2018-06-18,EBL,34.5,35.6,34.5,35.6,34.5,35.4,103,8.797,"254,719"
113,2018-06-12,EBL,35.2,35.5,35,35,35.4,34.9,64,1.314,"37,160"
114,2018-06-11,EBL,35,35.8,34.8,34.9,34.9,34.8,107,27.505,"787,926"
115,2018-06-10,EBL,34.6,36,34.6,36,34.8,36,91,3.906,"111,686"
116,2018-06-07,EBL,36,38,35.2,38,36,36.7,137,5.882,"162,115"
117,2018-06-06,EBL,37,38,35.4,36.2,36.7,35.4,95,6.861,"190,561"
118,2018-06-05,EBL,35.3,36,35.3,36,35.4,35.4,45,3.079,"86,762"
119,2018-06-04,EBL,35.4,35.9,35.4,35.7,35.4,35.5,51,6.017,"169,385"
120,2018-06-03,EBL,35.7,35.8,34.8,34.8,35.5,36,39,1.982,"55,829"
121,2018-05-31,EBL,35.9,36,35.7,35.8,36,35.8,77,11.438,"318,165"
122,2018-05-30,EBL,35.5,36,35.4,36,35.8,35.9,130,47.357,"1,316,385"
123,2018-05-29,EBL,36,36.2,35.8,36,35.9,36,230,108.191,"3,009,270"
124,2018-05-28,EBL,36.1,36.5,35.5,36.1,36,36.1,207,18.723,"519,821"
125,2018-05-27,EBL,36.1,36.5,35.4,35.4,36.1,35.4,353,17.404,"483,756"
126,2018-05-24,EBL,35.8,35.8,34.5,34.9,35.4,34.5,144,12.19,"350,231"
127,2018-05-23,EBL,34.5,35.1,34,34.1,34.5,34.1,83,7.243,"209,780"
128,2018-05-22,EBL,34.7,34.7,33.6,33.7,34.1,33.6,101,8.831,"261,791"
129,2018-05-21,EBL,33.7,33.7,33.1,33.1,33.6,35.7,304,25.285,"754,937"
130,2018-05-20,EBL,0,0,0,0,35.7,35.7,0,0,0
131,2018-05-17,EBL,36,37.5,35.2,37.5,35.7,37.5,228,9.876,"271,860"
132,2018-05-15,EBL,35.5,36,34.5,34.5,35.6,35.2,155,3.766,"106,523"
133,2018-05-14,EBL,35,36,34.5,34.5,35.2,34.5,189,8.847,"253,375"
134,2018-05-13,EBL,34.5,34.9,34.4,34.5,34.5,34.2,198,10.904,"315,983"
135,2018-05-10,EBL,34.2,34.9,33.9,34.5,34.2,35.2,211,16.383,"479,129"
136,2018-05-09,EBL,35.1,36,35,36,35.2,35.7,57,2.448,"68,820"
137,2018-05-08,EBL,35.1,36.7,35.1,36.7,35.7,36,74,5.529,"153,905"
138,2018-05-07,EBL,36,37.1,36,36.9,36,36.5,79,4.392,"120,031"
139,2018-05-06,EBL,36.9,37,35.7,37,36.5,37,110,6.138,"166,580"
140,2018-05-03,EBL,37,38.5,36.1,36.1,37,38.5,83,3.283,"88,306"
141,2018-04-30,EBL,38.7,39.6,38.4,39.6,38.5,39.6,116,8.943,"229,580"
142,2018-04-26,EBL,39.6,40,39,39,39.6,38.8,129,7.287,"184,334"
143,2018-04-25,EBL,39,39.4,31,38.9,38.8,40.2,299,18.471,"484,616"
144,2018-04-24,EBL,40,40.6,39.9,40,40.2,40,48,2.29,"57,145"
145,2018-04-23,EBL,40.1,40.3,39.5,39.5,40,39.7,140,10.489,"262,019"
146,2018-04-22,EBL,40,40.6,39.4,39.6,39.7,40.3,144,10.031,"250,609"
147,2018-04-19,EBL,40,41.4,40,40.5,40.3,41.1,203,10.59,"260,380"
148,2018-04-18,EBL,41.6,41.9,39,39.9,41.1,39,164,8.696,"216,596"
149,2018-04-17,EBL,39,39.5,38.7,39.5,39,39.6,139,10.023,"256,986"
150,2018-04-16,EBL,39.6,40,38.5,39.5,39.6,39.5,109,6.587,"166,492"
151,2018-04-15,EBL,39.4,39.9,39.4,39.5,39.5,40.4,73,3.125,"79,017"
152,2018-04-12,EBL,40.4,40.8,40.2,40.7,40.4,40.6,53,4.159,"102,899"
153,2018-04-11,EBL,40.7,42.1,40.4,42.1,40.6,41.3,127,5.085,"124,444"
154,2018-04-10,EBL,41.2,42.4,41,42.4,41.3,42.4,194,9.178,"220,231"
155,2018-04-09,EBL,42.6,43.2,42.3,43,42.4,43.1,231,9.365,"219,303"
156,2018-04-08,EBL,43,43.8,41.7,41.7,43.1,41.7,382,30.489,"705,072"
157,2018-04-05,EBL,41.8,41.9,41.4,41.7,41.7,41.5,243,15.552,"372,913"
158,2018-04-04,EBL,40.9,42.3,40.9,42,41.5,41.8,166,8.789,"209,346"
159,2018-04-03,EBL,41.9,42.2,41.6,42.1,41.8,41.8,409,45.53,"1,087,219"
160,2018-04-02,EBL,41.7,42.2,41,42,41.8,41.2,222,14.854,"355,422"
161,2018-04-01,EBL,41.2,42.1,40.2,41,41.2,40.2,355,18.311,"446,480"
162,2018-03-29,EBL,39.8,40.4,38.8,39.3,40.2,38.7,123,6.608,"165,533"
163,2018-03-28,EBL,39,39.8,37,37,38.7,37.5,118,4.436,"115,275"
164,2018-03-27,EBL,37.4,38,37.3,38,37.5,37.7,31,0.722,"19,227"
165,2018-03-25,EBL,37.7,41.3,37.5,41.3,37.7,37.8,100,5.593,"146,819"
166,2018-03-22,EBL,37.5,38.6,36.8,37.5,37.8,36.9,152,6.895,"183,546"
167,2018-03-21,EBL,36.9,38,36.1,38,36.9,38,83,3.779,"101,714"
168,2018-03-20,EBL,37.9,39.3,37.9,38.1,38,38.8,84,2.72,"71,265"
169,2018-03-19,EBL,38.5,39.9,38.5,39.1,38.8,40,36,0.702,"17,963"
170,2018-03-18,EBL,40,40.5,39.5,39.7,40,39.6,73,2.989,"74,709"
171,2018-03-15,EBL,40.6,41.6,38.4,39.6,39.6,38.8,343,27.153,"686,028"
172,2018-03-14,EBL,38.9,39.3,37.6,39.3,38.8,39,46,1.9,"49,205"
173,2018-03-13,EBL,38.9,39.6,38.7,39.1,39,39,61,1.757,"45,197"
174,2018-03-12,EBL,39.3,39.3,38.8,39.2,39,39.4,103,4.861,"124,989"
175,2018-03-11,EBL,39.2,40.2,39.1,40.2,39.4,40.2,60,1.435,"36,188"
176,2018-03-08,EBL,40,40.9,39.5,40.4,40.2,40.4,92,2.883,"71,851"
177,2018-03-07,EBL,40.4,41.5,40.2,41.2,40.4,41.2,52,1.109,"27,251"
178,2018-03-06,EBL,41.1,41.7,40.1,40.1,41.2,41,71,2.405,"58,525"
179,2018-03-05,EBL,41,42.6,40.9,42,41,42.6,113,3.359,"81,357"
180,2018-03-04,EBL,40.9,44,40.9,43.5,42.6,42.6,105,4.322,"100,352"
181,2018-03-01,EBL,42,42.8,41.4,41.4,42.6,41.4,122,7.276,"172,921"
182,2018-02-28,EBL,41.3,41.8,41,41.3,41.4,41.1,93,5.597,"134,971"
183,2018-02-27,EBL,42,42,40.7,40.7,41.1,40.3,136,8.418,"203,160"
184,2018-02-26,EBL,40.3,41.5,38.9,38.9,40.3,40.7,106,4.136,"102,225"
185,2018-02-25,EBL,40.7,41.2,40.1,40.5,40.7,41.5,55,2.207,"54,316"
186,2018-02-22,EBL,42,42.2,41.2,42,41.5,41.2,167,6.852,"164,625"
187,2018-02-20,EBL,42,42.5,41,42.5,41.2,41.3,145,9.945,"238,705"
188,2018-02-19,EBL,41.4,42,41.3,42,41.3,41.2,95,5.695,"136,354"
189,2018-02-18,EBL,41.8,43,41,43,41.2,43.5,108,3.949,"94,171"
190,2018-02-15,EBL,43.8,45,43.2,44.9,43.5,44.9,210,11.924,"268,536"
191,2018-02-14,EBL,44.9,45.4,44.9,45.4,44.9,44.9,225,9.009,"199,805"
192,2018-02-13,EBL,45,45.7,44.6,44.8,44.9,44.8,239,13.908,"308,253"
193,2018-02-12,EBL,44,46,43.7,45,44.8,44.4,459,31.58,"704,028"
194,2018-02-11,EBL,44.7,44.7,43,43.7,44.4,42.9,260,14.806,"336,767"
195,2018-02-08,EBL,43.2,43.3,42.4,42.5,42.9,42.3,294,17.351,"405,238"
196,2018-02-07,EBL,42.5,42.9,41.5,42.1,42.3,42.1,359,17.731,"419,309"
197,2018-02-06,EBL,42,43,41.2,41.4,42.1,40.5,318,13.21,"314,310"
198,2018-02-05,EBL,41,41.6,38.5,40.3,40.5,41,596,35.134,"876,758"
199,2018-02-04,EBL,41.1,42.2,40.8,42.2,41,42.6,178,5.841,"142,228"
200,2018-02-01,EBL,42.3,44.1,42.3,44,42.6,43.8,225,12.658,"289,703"
201,2018-01-31,EBL,43.5,44.3,43,44.3,43.8,44.6,276,16.198,"371,376"
202,2018-01-30,EBL,44.6,46,43.2,45,44.6,45.3,181,17.838,"393,681"
203,2018-01-29,EBL,45.8,45.8,44.6,45,45.3,45.7,205,13.529,"299,424"
204,2018-01-28,EBL,45.4,45.8,44.2,44.2,45.7,45.8,236,9.259,"203,333"
205,2018-01-25,EBL,45.7,46,44.8,44.8,45.8,45.1,198,10.358,"226,654"
206,2018-01-24,EBL,45,45.2,44.9,45,45.1,45.5,143,9.051,"200,914"
207,2018-01-23,EBL,45.8,46,45.3,45.4,45.5,45.6,156,16.703,"366,399"
208,2018-01-22,EBL,45.5,46,45,45,45.6,44.9,122,6.752,"148,239"
209,2018-01-21,EBL,44.9,45.5,44.3,44.3,44.9,45.4,87,2.926,"65,188"
210,2018-01-18,EBL,45.1,46.3,44.9,45.1,45.4,46,184,5.971,"131,455"
211,2018-01-17,EBL,45.8,47.8,45.8,47.1,46,46.5,230,14.835,"320,524"
212,2018-01-16,EBL,46,47,44.2,45.5,46.5,45.8,351,15.998,"348,698"
213,2018-01-15,EBL,46,47.4,45.6,47.4,45.8,47.5,277,13.357,"289,170"
214,2018-01-14,EBL,47.8,48,47.3,47.9,47.5,48.3,180,11.631,"244,956"
215,2018-01-11,EBL,48,48.9,47.7,48,48.3,48,168,18.499,"383,934"
216,2018-01-10,EBL,47.9,48.3,47.9,48,48,48.3,128,14.241,"296,342"
217,2018-01-09,EBL,48.6,48.8,48,48.7,48.3,48.9,220,9.78,"202,824"
218,2018-01-08,EBL,48.7,50.4,48.7,50.4,48.9,50.4,330,33.349,"675,120"
219,2018-01-07,EBL,50.4,51.3,50.1,50.3,50.4,50.6,229,13.698,"272,281"
220,2018-01-04,EBL,50.7,50.9,50.5,50.6,50.6,50.9,86,4.964,"98,182"
221,2018-01-03,EBL,50.9,51,50.2,50.5,50.9,50.5,114,8.945,"176,070"
222,2018-01-02,EBL,50.5,51,50,50.9,50.5,51.1,211,13.246,"262,634"
223,2018-01-01,EBL,50.9,51.5,50.9,51.2,51.1,51.1,161,11.264,"220,463"
224,2017-12-28,EBL,51.2,51.4,50.5,50.5,51.1,50.1,380,48.693,"956,118"
225,2017-12-27,EBL,50.3,50.3,49.5,50.1,50.1,50.3,356,41.438,"829,764"
226,2017-12-26,EBL,50.3,51,50,51,50.3,50.4,232,62.896,"1,250,588"
227,2017-12-24,EBL,50.5,51.6,50.1,50.8,50.4,50.7,201,22.11,"437,251"
228,2017-12-21,EBL,50.7,51.2,50.6,51.2,50.7,51.1,328,24.792,"487,648"
229,2017-12-20,EBL,51,52.1,51,52.1,51.1,51.7,344,42.213,"822,638"
230,2017-12-19,EBL,52,53.2,51.5,52.1,51.7,51.6,858,98.41,"1,886,773"
231,2017-12-18,EBL,51.5,52.8,51.5,52.5,51.6,51.6,258,38.352,"741,619"
232,2017-12-17,EBL,51.7,52.5,51.5,52.5,51.6,52.5,204,18.831,"363,336"
233,2017-12-14,EBL,52.5,52.6,52,52.1,52.5,52.5,130,12.416,"236,832"
234,2017-12-13,EBL,52,53.4,52,52.9,52.5,52.8,256,27.123,"516,103"
235,2017-12-12,EBL,52.3,53.2,51.9,52.4,52.8,51.5,324,26.019,"494,277"
236,2017-12-11,EBL,51.3,52.5,51.3,51.9,51.5,51.9,218,10.183,"197,263"
237,2017-12-10,EBL,52.1,52.1,51.5,52.1,51.9,52.7,128,5.765,"111,121"
238,2017-12-07,EBL,52.6,53,52.5,53,52.7,53,211,17.782,"337,233"
239,2017-12-06,EBL,53,53.8,52.8,53.8,53,52.7,270,27.061,"510,633"
240,2017-12-05,EBL,53.3,53.3,52.2,52.4,52.7,52,174,15.152,"288,512"
241,2017-12-04,EBL,52,52.8,51.9,52.5,52,52.9,369,33.493,"642,615"
242,2017-12-03,EBL,53,54.1,52.8,53.7,52.9,53.7,497,31.498,"589,258"
243,2017-11-30,EBL,53.9,53.9,52.1,52.1,53.7,51.4,657,83.207,"1,553,804"
244,2017-11-29,EBL,51.6,52,50.3,51.7,51.4,52,543,36.044,"702,865"
245,2017-11-28,EBL,52,54.4,51.2,54.4,52,54.1,541,40.604,"773,444"
246,2017-11-27,EBL,53.9,55,53.9,55,54.1,54.4,225,15.726,"289,930"
247,2017-11-26,EBL,54.7,55.2,54.2,54.8,54.4,54.5,232,13.762,"251,735"
248,2017-11-23,EBL,54.3,55.8,54.2,55,54.5,54.7,390,19.006,"345,723"
249,2017-11-22,EBL,54.7,55.3,53.8,55.2,54.7,55.2,351,24.244,"444,823"
250,2017-11-21,EBL,55.1,57,55,56.3,55.2,56.6,430,26.437,"472,841"
251,2017-11-20,EBL,56.3,57.5,56.3,56.7,56.6,57.1,364,31.371,"550,922"
252,2017-11-19,EBL,56.8,58,56.8,57.4,57.1,56.5,684,62.296,"1,085,359"
253,2017-11-16,EBL,56.9,56.9,54.8,55.2,56.5,55.5,"1,169",67.386,"1,204,596"
254,2017-11-15,EBL,56,57.1,55,57,55.5,57,810,41.079,"731,811"
255,2017-11-14,EBL,56.9,59,54.7,54.8,57,54.8,617,64.465,"1,146,775"
256,2017-11-13,EBL,54.7,55.8,54.5,55.8,54.8,55.2,276,21.956,"399,280"
257,2017-11-12,EBL,55.3,56.3,54.7,55.6,55.2,55.6,665,125.52,"2,253,289"
258,2017-11-09,EBL,55.8,55.8,54.7,55.3,55.6,54.9,658,63.777,"1,155,611"
259,2017-11-08,EBL,55,55,53.5,54,54.9,54.1,"1,021",89.021,"1,638,336"
260,2017-11-07,EBL,54.3,54.5,51.4,51.4,54.1,51.2,"1,145",82.267,"1,546,764"
261,2017-11-06,EBL,51.7,51.8,48.8,48.9,51.2,48.7,847,70.954,"1,415,286"
262,2017-11-05,EBL,48.9,49.1,48.4,48.4,48.7,48.7,404,59.498,"1,218,975"
263,2017-11-02,EBL,48.5,48.9,48.2,48.2,48.7,48,275,22.103,"454,702"
264,2017-11-01,EBL,48,48.1,47.4,47.8,48,47.3,109,15.445,"322,110"
265,2017-10-31,EBL,47.4,47.9,47,47.4,47.3,47.2,101,4.651,"98,341"
266,2017-10-30,EBL,47.5,48.6,46.9,47.9,47.2,48,160,8.877,"185,513"
267,2017-10-29,EBL,47.8,49,47.7,47.9,48,47.8,249,15.382,"318,182"
268,2017-10-26,EBL,47.9,48,46.8,46.8,47.8,46.4,255,22.718,"477,563"
269,2017-10-25,EBL,46.5,46.6,46.1,46.5,46.4,46.2,102,8.394,"181,014"
270,2017-10-24,EBL,46.5,46.7,45.8,46.4,46.2,46.5,104,7.836,"168,440"
271,2017-10-23,EBL,46.4,47.2,46.4,46.5,46.5,47.2,72,6.233,"133,675"
272,2017-10-22,EBL,46.8,47.3,46.7,46.9,47.2,46.9,79,4.034,"85,605"
273,2017-10-19,EBL,46.6,47.2,46.6,46.6,46.9,46.6,139,10.684,"227,545"
274,2017-10-18,EBL,46.6,47,46.1,46.6,46.6,46.9,154,11.988,"257,541"
275,2017-10-17,EBL,47,47.7,46.1,46.1,46.9,46.9,117,6.577,"140,159"
276,2017-10-16,EBL,46.6,48,46.6,47.7,46.9,47.6,203,17.58,"372,601"
277,2017-10-15,EBL,47.7,48,46.9,47.4,47.6,47.3,242,15.275,"322,604"
278,2017-10-12,EBL,47.2,48.2,46.8,47.5,47.3,47.7,333,23.393,"493,218"
279,2017-10-11,EBL,47.6,49.3,47.4,48.3,47.7,47.9,518,65.823,"1,348,351"
280,2017-10-10,EBL,48.4,48.5,43.3,46.2,47.9,47.6,365,30.672,"651,785"
281,2017-10-09,EBL,47.7,48.6,47,48.1,47.6,48.7,488,49.554,"1,034,242"
282,2017-10-08,EBL,48.9,49.8,48.5,49.4,48.7,49.1,477,65.666,"1,342,523"
283,2017-10-05,EBL,49.5,50,48,48.1,49.1,48,953,71.348,"1,456,224"
284,2017-10-04,EBL,47.9,48.3,46.1,46.3,48,46.7,555,52.537,"1,103,563"
285,2017-10-03,EBL,46.7,47.1,46.4,46.5,46.7,46.8,292,21.814,"466,229"
286,2017-10-02,EBL,46.7,47.8,45.5,45.9,46.8,45.4,275,21.541,"465,562"
287,2017-09-28,EBL,45.8,45.8,44.5,44.5,45.4,45,178,14.384,"318,978"
288,2017-09-27,EBL,45,45.6,44.4,44.4,45,44.9,329,24.051,"533,246"
289,2017-09-26,EBL,44.4,45.2,44.1,44.1,44.9,44.8,295,26.81,"597,596"
290,2017-09-25,EBL,44.6,45.2,44.3,44.3,44.8,45.1,327,28.981,"644,766"
291,2017-09-24,EBL,45.2,45.7,44.8,44.8,45.1,45.2,146,17.196,"380,117"
292,2017-09-21,EBL,45.1,45.5,44.2,45,45.2,44.7,129,8.972,"199,856"
293,2017-09-20,EBL,44.4,45.9,44.4,45.5,44.7,45.5,327,28.634,"631,423"
294,2017-09-19,EBL,45.9,46.6,45.2,46.4,45.5,46.3,399,37.806,"821,766"
295,2017-09-18,EBL,46.2,47,46,46.8,46.3,46.6,666,62.513,"1,354,003"
296,2017-09-17,EBL,46.5,46.9,45.6,46,46.6,46.2,323,19.561,"422,354"
297,2017-09-14,EBL,46.3,46.7,45.2,46.3,46.2,46,423,48.989,"1,060,448"
298,2017-09-13,EBL,46.5,46.5,45.4,45.4,46,45.4,536,48.042,"1,043,015"
299,2017-09-12,EBL,46,46,43.4,43.9,45.4,43.9,318,34.755,"777,874"
300,2017-09-11,EBL,43.7,45.5,43.6,44.7,43.9,45.5,331,27.262,"613,796"
301,2017-09-10,EBL,45,46,44.8,45.7,45.5,45.5,349,33.944,"746,653"
302,2017-09-07,EBL,46,46,44,44.4,45.5,44.9,344,34.082,"756,336"
303,2017-09-06,EBL,44.6,46,44.3,45.1,44.9,45.5,563,56.999,"1,259,286"
304,2017-09-05,EBL,45.2,45.8,44.5,45.5,45.5,45.4,293,22.544,"499,161"
305,2017-09-04,EBL,45.6,45.7,44.4,45,45.4,45,232,16.502,"366,669"
306,2017-08-31,EBL,45.3,45.4,43.3,43.7,45,43.1,509,39.166,"880,090"
307,2017-08-30,EBL,43.5,43.7,42.8,43.1,43.1,43.2,248,12.611,"292,787"
308,2017-08-29,EBL,43.1,44.2,42.7,44,43.2,44.1,373,22.829,"522,455"
309,2017-08-28,EBL,43.9,44.4,42.9,43.4,44.1,43,432,29.289,"673,792"
310,2017-08-27,EBL,43.2,43.5,42.2,42.3,43,42.1,348,30.954,"722,404"
311,2017-08-24,EBL,42.4,42.4,41.7,42.3,42.1,41.6,494,38.638,"920,337"
312,2017-08-23,EBL,41.5,42,41.4,41.7,41.6,41.6,257,26.196,"629,676"
313,2017-08-22,EBL,41.9,42.5,41.4,42.4,41.6,42.2,398,33.858,"810,044"
314,2017-08-21,EBL,42.5,42.7,41.6,41.8,42.2,41.2,431,34.072,"811,962"
315,2017-08-20,EBL,41.1,42.7,40.8,42.7,41.2,42.5,306,23.927,"578,836"
316,2017-08-17,EBL,42.4,44.9,42.1,44.9,42.5,44.4,683,37.872,"874,943"
317,2017-08-16,EBL,44.4,46.5,44.1,46.3,44.4,45.8,607,43.883,"972,349"
318,2017-08-13,EBL,46,48,45,45,45.8,44.6,"1,218",109.586,"2,350,802"
319,2017-08-10,EBL,45,45.8,42.9,43,44.6,42.7,723,83.878,"1,912,079"
320,2017-08-09,EBL,42.9,43.7,42.6,43.2,42.7,42.9,416,40.686,"944,229"
321,2017-08-08,EBL,43.2,43.4,42.6,42.8,42.9,42.7,851,87.676,"2,038,141"
322,2017-08-07,EBL,43,43.8,42.2,42.4,42.7,41.9,918,336.333,"7,885,631"
323,2017-08-06,EBL,42,42.6,41.1,42.6,41.9,42.5,432,34.982,"834,773"
324,2017-08-03,EBL,42.5,42.9,41.7,42.5,42.5,42.5,349,31.941,"752,886"
325,2017-08-02,EBL,42.6,42.8,40,42.2,42.5,42,706,50.366,"1,196,574"
326,2017-08-01,EBL,41.6,43.2,39.3,39.7,42,39.5,772,77.472,"1,854,102"
327,2017-07-31,EBL,39.5,40,36.7,36.7,39.5,37,587,45.9,"1,175,628"
328,2017-07-30,EBL,37,37.1,36.4,36.4,37,36.9,103,6.425,"173,855"
329,2017-07-27,EBL,37,37.5,36.5,37,36.9,36.8,163,13.917,"378,360"
330,2017-07-26,EBL,37,37,36.3,36.5,36.8,36.7,99,5.676,"154,862"
331,2017-07-25,EBL,37,37,36.4,36.4,36.7,36.5,102,9.277,"253,625"
332,2017-07-24,EBL,36.1,36.7,35.9,36.1,36.5,36,265,15.087,"416,141"
333,2017-07-23,EBL,36,36.2,35.7,36.2,36,36,52,2.965,"82,497"
334,2017-07-20,EBL,36.1,36.2,35,35,36,36.1,42,3.654,"101,400"
335,2017-07-19,EBL,36,36.2,35.7,35.7,36.1,36.2,89,6.052,"167,927"
336,2017-07-18,EBL,36.1,36.4,36.1,36.1,36.2,36.1,55,2.108,"58,214"
337,2017-07-17,EBL,36,36.6,35.9,36,36.1,36.5,126,6.697,"185,229"
338,2017-07-16,EBL,36.5,37,35.9,35.9,36.5,36.6,110,8.749,"239,046"
339,2017-07-13,EBL,36.7,36.8,35.7,36.1,36.6,36.1,166,24.715,"684,046"
340,2017-07-12,EBL,36.4,36.9,36,36.9,36.1,37,80,4.797,"132,772"
341,2017-07-11,EBL,36.8,38,35.4,35.8,37,35.6,371,26.044,"705,155"
342,2017-07-10,EBL,35.6,36,34.8,34.8,35.6,35.1,255,33.811,"949,370"
343,2017-07-09,EBL,35.1,35.2,34.9,35.1,35.1,35.1,167,16.418,"468,594"
344,2017-07-06,EBL,34.9,35.4,34.9,35.4,35.1,35.2,295,35.864,"1,019,373"
345,2017-07-05,EBL,35,35.3,34.7,34.7,35.2,35,152,11.338,"322,568"
346,2017-07-04,EBL,34.9,35.1,34.8,35,35,35,202,16.591,"474,699"
347,2017-07-03,EBL,35.1,35.2,34.3,34.3,35,34.7,406,32.521,"935,336"
348,2017-07-02,EBL,34.5,35,34,35,34.7,35,177,7.694,"224,074"
349,2017-06-29,EBL,35.8,35.8,33.4,33.4,35,33.8,323,51.28,"1,500,205"
350,2017-06-28,EBL,33.8,34,33,33,33.8,32.9,170,22.52,"671,000"
351,2017-06-22,EBL,32.7,33,32.5,32.5,32.9,32.5,102,18.071,"549,282"
352,2017-06-21,EBL,32.5,32.8,32.4,32.8,32.5,32.5,159,26.657,"818,157"
353,2017-06-20,EBL,32.6,32.6,32.2,32.2,32.5,32.5,128,24.214,"743,842"
354,2017-06-19,EBL,32.5,32.5,32,32,32.5,32.4,92,10.432,"321,352"
355,2017-06-18,EBL,32.4,32.5,32.1,32.1,32.4,32.2,63,10.523,"325,279"
356,2017-06-15,EBL,32.3,32.3,32,32.1,32.2,32.1,59,10.486,"325,747"
357,2017-06-14,EBL,32.1,32.2,32,32.1,32.1,32.3,30,1.093,"34,071"
358,2017-06-13,EBL,32.3,32.3,32.2,32.2,32.3,32.3,39,3.097,"95,912"
359,2017-06-12,EBL,32.2,32.5,32.2,32.4,32.3,32.2,66,4.491,"138,936"
360,2017-06-11,EBL,32.2,32.2,32.1,32.1,32.2,32.1,71,4.03,"125,381"
361,2017-06-08,EBL,32.1,32.4,32,32.1,32.1,32,102,8.774,"272,830"
362,2017-06-07,EBL,32,32,31.9,31.9,32,32,60,6.288,"196,536"
363,2017-06-06,EBL,32,32,31.8,31.9,32,32,65,2.629,"82,309"
364,2017-06-05,EBL,32,32.3,31.8,31.9,32,31.9,115,11.535,"359,831"
365,2017-06-04,EBL,32,32,31.6,32,31.9,31.7,135,20.283,"637,905"
366,2017-06-01,EBL,31.7,32,31.6,31.9,31.7,31.7,117,7.457,"233,835"
367,2017-05-31,EBL,31.6,31.8,31.4,31.4,31.7,31.4,65,3.15,"99,903"
368,2017-05-30,EBL,31.5,31.6,31.3,31.5,31.4,31.5,60,2.45,"77,938"
369,2017-05-29,EBL,31.5,31.7,31.3,31.3,31.5,31.4,43,1.584,"50,363"
370,2017-05-28,EBL,31.5,31.9,31.3,31.8,31.4,31.8,84,9.058,"288,445"
371,2017-05-25,EBL,31.6,31.8,31.1,31.2,31.8,31.2,191,14.795,"467,613"
372,2017-05-24,EBL,31.1,31.2,31,31.1,31.2,31.1,102,2.518,"80,915"
373,2017-05-23,EBL,31,31.2,31,31.1,31.1,31.1,70,4.212,"135,259"
374,2017-05-22,EBL,31,31.2,30.9,30.9,31.1,30.9,59,4.861,"156,738"
375,2017-05-21,EBL,30.9,30.9,30.8,30.8,30.9,30.9,35,11.754,"380,420"
376,2017-05-18,EBL,30.7,31,30.7,30.9,30.9,30.9,63,8.667,"280,357"
377,2017-05-17,EBL,31,31,30.6,30.6,30.9,30.8,49,3.64,"118,166"
378,2017-05-16,EBL,30.7,31,30.7,31,30.8,30.8,64,6.336,"204,834"
379,2017-05-15,EBL,31.1,31.1,30.5,31,30.8,31,55,4.465,"144,773"
380,2017-05-14,EBL,31,31,30.5,31,31,30.6,128,10.675,"345,235"
381,2017-05-11,EBL,30.7,30.8,30.5,30.5,30.6,31.1,42,2.082,"68,000"
382,2017-05-09,EBL,31.1,31.2,30.4,30.4,31.1,30.8,79,5.191,"167,337"
383,2017-05-08,EBL,30.8,30.9,30.7,30.7,30.8,30.6,86,3.771,"122,576"
384,2017-05-07,EBL,30.6,30.6,30.6,30.6,30.6,30.5,38,2.927,"95,659"
385,2017-05-04,EBL,30.5,30.5,30.3,30.3,30.5,30.5,58,5.29,"173,549"
386,2017-05-03,EBL,30.5,30.7,30.5,30.5,30.5,30.4,47,3.082,"100,936"
387,2017-05-02,EBL,30.5,30.5,30.2,30.5,30.4,30.6,85,5.008,"164,651"
388,2017-04-30,EBL,30.4,30.7,30.4,30.6,30.6,30.5,72,5.218,"170,504"
389,2017-04-27,EBL,30.3,30.7,30.2,30.2,30.5,30.6,37,2.11,"69,150"
390,2017-04-26,EBL,30.5,30.6,30.3,30.3,30.6,30.4,46,4.1,"134,349"
391,2017-04-25,EBL,30.7,30.8,30.3,30.5,30.4,30.5,78,5.281,"172,960"
392,2017-04-24,EBL,30.7,30.7,30.1,30.1,30.5,30.3,67,3.519,"115,429"
393,2017-04-23,EBL,30.4,30.5,30.1,30.1,30.3,30.5,76,5.29,"174,065"
394,2017-04-20,EBL,30.4,30.5,30.3,30.3,30.5,30.5,143,16.35,"537,240"
395,2017-04-19,EBL,30.4,30.6,30.2,30.2,30.5,30.6,54,2.621,"86,099"
396,2017-04-18,EBL,30.5,30.7,30.1,30.4,30.6,30.5,101,6.225,"205,627"
397,2017-04-17,EBL,30.5,30.8,30,30.2,30.5,30.4,150,21.565,"714,165"
398,2017-04-16,EBL,30.1,30.4,30,30,30.4,30.4,77,6.086,"200,729"
399,2017-04-13,EBL,30.5,31.3,30.2,31.3,30.4,30.4,108,6.267,"205,003"
400,2017-04-12,EBL,31,31.9,29.7,31.9,30.4,34.5,280,21.002,"698,353"
401,2017-04-11,EBL,0,0,0,0,34.5,34.5,0,0,0
402,2017-04-10,EBL,34.6,34.7,33.4,33.4,34.5,33.4,899,113.299,"3,325,198"
403,2017-04-09,EBL,33.5,33.5,33.1,33.3,33.4,33.1,469,49.384,"1,481,968"
404,2017-04-06,EBL,33.2,33.3,32.5,32.5,33.1,32.6,458,35.361,"1,069,133"
405,2017-04-05,EBL,32.6,33.1,32.3,32.5,32.6,33,194,25.855,"787,956"
406,2017-04-04,EBL,32.9,33.4,32.9,33.3,33,33.1,176,33.394,"1,011,510"
407,2017-04-03,EBL,33,33.3,32.9,33.1,33.1,33,200,8.051,"242,852"
408,2017-04-02,EBL,33.2,35,32.8,33.5,33,32.9,144,9.78,"296,254"
409,2017-03-30,EBL,32.9,33.4,32.8,33.1,32.9,33.4,176,11.222,"338,832"
410,2017-03-29,EBL,33.2,33.6,33,33,33.4,33,236,20.6,"617,702"
411,2017-03-28,EBL,33.2,33.3,32.8,32.9,33,32.8,229,20.535,"622,178"
412,2017-03-27,EBL,33,33.5,32.5,33.2,32.8,32.8,152,11.108,"337,223"
413,2017-03-23,EBL,32.9,34.1,32.6,34.1,32.8,34,428,24.413,"730,209"
414,2017-03-22,EBL,34.1,34.6,33.9,34.2,34,34.1,435,28.051,"822,411"
415,2017-03-21,EBL,34.2,34.5,33.7,34.5,34.1,34.8,818,41.465,"1,214,417"
416,2017-03-20,EBL,34.5,35,34.4,34.8,34.8,34.7,530,18.975,"546,957"
417,2017-03-19,EBL,34.5,35.4,34.5,35,34.7,34.7,350,25.377,"726,031"
418,2017-03-16,EBL,34.8,35.3,34.5,35.3,34.7,35.3,422,21.181,"609,206"
419,2017-03-15,EBL,35.5,36,34.9,35.5,35.3,35,454,37.366,"1,056,895"
420,2017-03-14,EBL,35.2,35.4,34.2,34.2,35,34.1,525,55.858,"1,609,254"
421,2017-03-13,EBL,34,34.3,33.9,34,34.1,34,120,9.032,"264,638"
422,2017-03-12,EBL,34,34.4,33.7,33.7,34,33.8,91,5.697,"167,387"
423,2017-03-09,EBL,33.8,34.5,33.7,34,33.8,33.7,232,11.959,"350,432"
424,2017-03-08,EBL,33.9,33.9,33.4,33.5,33.7,33.4,190,14.799,"440,168"
425,2017-03-07,EBL,33.4,33.5,33.1,33.2,33.4,33.3,75,2.727,"81,675"
426,2017-03-06,EBL,33,33.5,32.8,33.3,33.3,33.3,81,6.401,"193,176"
427,2017-03-05,EBL,33.2,33.6,32.9,33,33.3,33,43,1.916,"57,751"
428,2017-03-02,EBL,32.9,33.6,32.9,33.5,33,33.5,71,3.203,"96,363"
429,2017-03-01,EBL,33.5,33.7,33.3,33.7,33.5,33.9,94,5.384,"160,819"
430,2017-02-28,EBL,33.8,34.2,33.5,34.2,33.9,33.9,126,7.4,"217,883"
431,2017-02-27,EBL,34,34,33.4,33.5,33.9,33.4,207,52.375,"1,558,193"
432,2017-02-26,EBL,33.5,33.5,33.1,33.2,33.4,33.1,87,5.089,"152,576"
433,2017-02-23,EBL,33.1,33.2,33,33,33.1,33.4,70,1.986,"60,025"
434,2017-02-22,EBL,33.5,33.7,33.3,33.3,33.4,33.2,105,5.899,"176,180"
435,2017-02-20,EBL,33,33.4,32.3,32.3,33.2,33,122,8.756,"264,385"
436,2017-02-19,EBL,33.1,33.2,32.7,33,33,33.1,146,5.983,"181,452"
437,2017-02-16,EBL,33,33.2,32.9,32.9,33.1,33,127,5.797,"175,204"
438,2017-02-15,EBL,33.1,33.5,32.8,33.3,33,33.2,124,5.385,"162,622"
439,2017-02-14,EBL,33.2,33.4,33.1,33.1,33.2,33.1,105,10.841,"327,057"
440,2017-02-13,EBL,33.1,33.4,33,33.4,33.1,33.2,93,6.957,"210,064"
441,2017-02-12,EBL,33.3,33.7,33,33.5,33.2,33.2,129,5.985,"179,691"
442,2017-02-09,EBL,33.5,33.7,33,33.3,33.2,33.2,163,7.02,"211,038"
443,2017-02-08,EBL,33.2,33.9,32.9,33.9,33.2,32.9,103,5.775,"173,443"
444,2017-02-07,EBL,32.8,33.9,32.8,33.4,32.9,32.9,148,7.836,"237,047"
445,2017-02-06,EBL,32.7,33.1,32.5,32.5,32.9,32.8,158,7.266,"221,722"
446,2017-02-05,EBL,32.8,33.1,32.1,32.8,32.8,33.1,502,11.001,"336,883"
447,2017-02-02,EBL,33.3,33.3,32.3,33,33.1,32.9,680,18.189,"554,870"
448,2017-02-01,EBL,33.1,33.9,32.5,33.9,32.9,33.2,205,8.664,"262,536"
449,2017-01-31,EBL,33.1,33.5,32.7,33,33.2,32.9,339,17.473,"527,386"
450,2017-01-30,EBL,33,34,32.3,33.8,32.9,33.3,269,15.796,"478,033"
451,2017-01-29,EBL,33.1,35.3,33.1,34.9,33.3,34.8,349,19.608,"577,196"
452,2017-01-26,EBL,35,35,33.4,33.6,34.8,34.1,428,29.813,"865,980"
453,2017-01-25,EBL,34.7,35.6,33.3,35.6,34.1,35.6,441,27.141,"782,454"
454,2017-01-24,EBL,35.7,35.9,34,34.7,35.6,34.8,659,46.705,"1,332,091"
455,2017-01-23,EBL,34.5,35.8,32.8,34.1,34.8,33.5,839,101.279,"2,944,294"
456,2017-01-22,EBL,33.6,33.6,32.3,32.4,33.5,32.3,507,31.795,"963,861"
457,2017-01-19,EBL,32.3,32.7,31.6,32.5,32.3,32.8,264,16.472,"510,725"
458,2017-01-18,EBL,32.4,33.3,32.2,33.3,32.8,33.2,428,31.437,"960,751"
459,2017-01-17,EBL,33.4,33.5,32.3,32.9,33.2,31.8,498,47.507,"1,442,862"
460,2017-01-16,EBL,31.6,32.8,30.9,31,31.8,31.1,459,42.964,"1,369,653"
461,2017-01-15,EBL,31.2,31.2,30.2,30.4,31.1,30.5,330,32.628,"1,063,460"
462,2017-01-12,EBL,30.6,30.9,30.3,30.5,30.5,30.5,161,10.13,"331,737"
463,2017-01-11,EBL,30.6,30.9,30.3,30.4,30.5,30.2,177,13.94,"453,815"
464,2017-01-10,EBL,30.1,30.4,29.9,30.2,30.2,30,116,8.399,"278,733"
465,2017-01-09,EBL,30,30.8,29.9,30.4,30,30,230,15.937,"527,831"
466,2017-01-08,EBL,30.1,30.4,29.4,29.5,30,29.6,146,10.084,"335,741"
467,2017-01-05,EBL,29.8,29.8,29.3,29.3,29.6,29.3,119,13.291,"450,372"
468,2017-01-04,EBL,29.3,29.5,29.3,29.3,29.3,29.4,60,2.831,"96,148"
469,2017-01-03,EBL,29.3,29.7,29.2,29.2,29.4,29.3,113,8.618,"292,020"
470,2017-01-02,EBL,29.2,29.5,29.2,29.3,29.3,29.1,166,27.614,"940,853"
471,2017-01-01,EBL,29.1,29.5,29,29.5,29.1,29,142,9.768,"335,744"
472,2016-12-29,EBL,29,29.5,28.8,29.3,29,29,141,11.82,"406,824"
473,2016-12-28,EBL,28.9,29.5,28.9,29.5,29,29.2,146,12.389,"426,143"
474,2016-12-27,EBL,29,29.5,29,29.5,29.2,29,183,11.09,"379,473"
475,2016-12-26,EBL,28.9,29.1,28.5,28.5,29,28.7,106,11.87,"409,648"
476,2016-12-22,EBL,28.6,28.8,28.5,28.6,28.7,28.6,100,18.667,"650,886"
477,2016-12-21,EBL,28.7,28.7,28.2,28.2,28.6,28.2,71,7.371,"257,887"
478,2016-12-20,EBL,28.1,28.8,28,28.8,28.2,28.1,196,36.024,"1,265,151"
479,2016-12-19,EBL,27.9,29,27.9,28.9,28.1,28.7,411,21.446,"758,718"
480,2016-12-18,EBL,28.9,29,28.6,28.8,28.7,28.9,84,6.023,"209,274"
481,2016-12-15,EBL,29,29,28.8,28.9,28.9,28.9,69,5.532,"191,155"
482,2016-12-14,EBL,29,29,28.8,29,28.9,28.9,44,1.489,"51,462"
483,2016-12-12,EBL,28.9,29,28.8,28.8,28.9,28.9,51,4.995,"172,846"
484,2016-12-11,EBL,28.8,29.1,28.8,29.1,28.9,28.9,43,2.207,"76,390"
485,2016-12-08,EBL,29,29.1,28.8,29,28.9,29,74,10.887,"375,838"
486,2016-12-07,EBL,29,29.1,28.9,29.1,29,29,88,16.627,"573,132"
487,2016-12-06,EBL,28.9,29.1,28.4,28.8,29,28.9,112,5.032,"174,119"
488,2016-12-05,EBL,28.8,29,28.8,28.9,28.9,29,73,3.448,"119,338"
489,2016-12-04,EBL,29,29.1,28.9,29,29,29,57,12.663,"436,790"
490,2016-12-01,EBL,29.1,29.2,28.9,28.9,29,29,58,2.578,"88,901"
491,2016-11-30,EBL,28.9,29,28.9,28.9,29,28.9,35,2.162,"74,604"
492,2016-11-29,EBL,28.8,29,28.8,29,28.9,28.9,106,7.447,"257,804"
493,2016-11-28,EBL,29,29.4,28.9,29.4,28.9,29.3,141,8.282,"285,513"
494,2016-11-27,EBL,29.3,29.8,29.2,29.5,29.3,29.6,65,3.601,"122,700"
495,2016-11-24,EBL,29.2,30.4,29.2,29.6,29.6,29.3,204,16.507,"556,007"
496,2016-11-23,EBL,29.3,29.5,28.8,29,29.3,29.3,80,15.053,"515,276"
497,2016-11-22,EBL,29.2,29.4,29.1,29.3,29.3,29.1,72,3.614,"123,570"
498,2016-11-21,EBL,29,31,28.8,29.2,29.1,28.7,110,5.302,"182,424"
499,2016-11-20,EBL,28.8,29.2,28.7,29.1,28.7,29.1,155,3.381,"117,325"
500,2016-11-17,EBL,28.9,29.3,28.9,28.9,29.1,29,59,3.559,"121,967"
501,2016-11-16,EBL,29,29.1,28.9,29,29,29.2,41,1.188,"40,933"
502,2016-11-15,EBL,29.1,29.3,28.7,28.7,29.2,29.1,63,2.796,"95,518"
503,2016-11-14,EBL,29,29.4,28.6,28.6,29.1,28.9,34,1.003,"34,619"
504,2016-11-13,EBL,29,29.1,28.8,28.8,28.9,29,14,0.123,"4,271"
505,2016-11-10,EBL,29,29.3,28.6,28.6,29,29,30,2.009,"69,173"
506,2016-11-09,EBL,28.6,29.3,28.5,29.3,29,29.3,30,2.811,"96,457"
507,2016-11-08,EBL,29.3,29.3,29,29,29.3,29.3,37,1.126,"38,467"
508,2016-11-07,EBL,29.2,29.3,29,29.2,29.3,29.2,63,1.553,"53,084"
509,2016-11-06,EBL,29.1,29.3,29,29.2,29.2,29.4,42,0.875,"30,007"
510,2016-11-03,EBL,29.4,29.4,28.9,29,29.4,29,23,1.411,"48,064"
511,2016-11-02,EBL,29,29.3,29,29,29,29.1,93,3.06,"105,118"
512,2016-11-01,EBL,29,29.2,29,29,29.1,28.9,34,0.939,"32,263"
513,2016-10-31,EBL,29.2,29.2,28.4,28.5,28.9,29,34,1.108,"38,526"
514,2016-10-30,EBL,29,29,28.9,29,29,29,16,0.559,"19,276"
515,2016-10-27,EBL,29,29,29,29,29,29.1,5,0.073,"2,519"
516,2016-10-26,EBL,29,30,28.9,29.1,29.1,29.2,114,3.869,"133,270"
517,2016-10-25,EBL,29.1,29.3,29.1,29.3,29.2,29.2,35,0.98,"33,571"
518,2016-10-24,EBL,29.2,29.2,29.1,29.2,29.2,29.2,37,0.816,"27,955"
519,2016-10-23,EBL,29.3,29.3,29.1,29.2,29.2,29.1,64,3.159,"108,097"
520,2016-10-20,EBL,29.3,29.3,29,29.3,29.1,29.4,91,2.817,"96,691"
521,2016-10-19,EBL,29.4,29.5,29.3,29.3,29.4,29.4,115,5.481,"186,235"
522,2016-10-18,EBL,29.4,29.5,29.2,29.3,29.4,29.3,78,2.582,"88,000"
523,2016-10-17,EBL,29.3,29.4,29.3,29.4,29.3,29.4,73,3.078,"105,027"
524,2016-10-16,EBL,29.4,29.4,29.3,29.3,29.4,29.4,66,3.085,"105,034"
525,2016-10-13,EBL,29.4,29.4,29.3,29.3,29.4,29.3,19,0.714,"24,322"
526,2016-10-10,EBL,29.3,29.5,29.2,29.3,29.3,29.4,90,5.832,"198,995"
527,2016-10-09,EBL,29.3,29.5,29.3,29.5,29.4,29.2,37,1.822,"61,999"
528,2016-10-06,EBL,29.2,29.3,29.2,29.3,29.2,29.3,96,5.046,"172,785"
529,2016-10-05,EBL,29.2,29.3,29.1,29.1,29.3,29.2,38,1.307,"44,634"
530,2016-10-04,EBL,29.2,29.3,29.2,29.2,29.2,29.2,82,4.014,"137,427"
531,2016-10-03,EBL,29.2,29.3,29.1,29.3,29.2,29.2,77,4.345,"148,804"
532,2016-10-02,EBL,29.3,29.3,29.2,29.3,29.2,29.4,42,1.447,"49,482"
533,2016-09-29,EBL,29.4,29.4,29.2,29.4,29.4,29.4,40,1.226,"41,712"
534,2016-09-28,EBL,29.2,29.5,29.1,29.1,29.4,29.3,90,7.679,"261,364"
535,2016-09-27,EBL,29.3,29.5,29.2,29.2,29.3,29.4,76,5.194,"177,051"
536,2016-09-26,EBL,29.5,29.5,29.4,29.4,29.4,29.5,78,3.451,"117,340"
537,2016-09-25,EBL,29.5,29.5,29.3,29.5,29.5,29.5,127,5.227,"177,775"
538,2016-09-24,EBL,29.5,29.8,29,29,29.5,29,121,7.632,"258,455"
539,2016-09-22,EBL,29,29.1,28.9,29,29,29.1,34,2.303,"79,386"
540,2016-09-21,EBL,29.1,29.4,29,29.1,29.1,29.1,113,5.037,"173,104"
541,2016-09-20,EBL,29.2,29.2,29,29,29.1,29,35,0.999,"34,353"
542,2016-09-19,EBL,29.2,29.2,29,29,29,29.1,57,3.235,"111,198"
543,2016-09-18,EBL,29.2,29.2,28.9,28.9,29.1,28.9,43,3.299,"113,445"
544,2016-09-08,EBL,28.9,29.2,28.8,29,28.9,29.2,85,2.957,"101,955"
545,2016-09-07,EBL,29,29.3,28.8,28.8,29.2,28.7,38,1.554,"53,326"
546,2016-09-06,EBL,28.7,28.7,28.5,28.7,28.7,28.8,33,1.756,"61,331"
547,2016-09-05,EBL,29,29.1,28.8,29,28.8,28.9,47,4.812,"166,663"
548,2016-09-04,EBL,29,29,28.7,28.7,28.9,28.9,25,6.151,"213,270"
549,2016-09-01,EBL,28.7,29,28.7,28.8,28.9,28.7,32,1.059,"36,700"
550,2016-08-31,EBL,28.7,29,28.6,28.6,28.7,28.9,51,3.261,"113,467"
551,2016-08-30,EBL,28.8,29.2,28.7,28.9,28.9,29.2,32,3.839,"132,581"
552,2016-08-29,EBL,29.5,29.5,28.9,29.2,29.2,29.2,63,4.941,"169,619"
553,2016-08-28,EBL,29.1,29.9,29,29,29.2,29.4,40,5.284,"180,045"
554,2016-08-24,EBL,29.4,29.4,28.9,29,29.4,29.3,28,2.503,"85,285"
555,2016-08-23,EBL,29,29.4,28.9,29,29.3,29.6,28,3.988,"136,800"
556,2016-08-22,EBL,29.5,29.8,28.8,28.8,29.6,29.3,68,7.46,"255,226"
557,2016-08-21,EBL,28.7,29.4,28.3,28.3,29.3,28.8,51,3.176,"109,325"
558,2016-08-18,EBL,29,29,28.2,28.7,28.8,29.1,57,3.8,"132,332"
559,2016-08-17,EBL,28.9,29.5,28.7,28.7,29.1,28.9,68,2.664,"91,582"
560,2016-08-16,EBL,29,29,28.4,28.4,28.9,28.6,58,2.385,"82,935"
561,2016-08-14,EBL,28.7,28.7,28.2,28.2,28.6,28.2,63,2.045,"71,846"
562,2016-08-11,EBL,28.3,28.3,28.1,28.1,28.2,28.1,43,2.085,"73,929"
563,2016-08-10,EBL,28.2,28.2,28,28.1,28.1,28.3,21,0.578,"20,597"
564,2016-08-09,EBL,28.1,28.5,28,28.2,28.3,28.1,32,1.2,"42,426"
565,2016-08-08,EBL,28.1,28.1,28,28,28.1,28.1,36,3.187,"113,702"
566,2016-08-07,EBL,28,28.5,27.9,28,28.1,28.1,54,1.604,"57,093"
567,2016-08-04,EBL,28,28.2,28,28,28.1,28,37,0.859,"30,552"
568,2016-08-03,EBL,28,28.3,28,28.2,28,28.1,52,1.688,"60,104"
569,2016-08-02,EBL,28,28.3,28,28,28.1,28.1,45,1.942,"69,243"
570,2016-08-01,EBL,28.2,28.4,28.1,28.3,28.1,28.3,31,0.385,"13,689"
571,2016-07-31,EBL,28.2,29.1,28.1,28.6,28.3,29.1,68,1.947,"68,445"
572,2016-07-28,EBL,28.5,30.4,27.9,28.1,29.1,28,75,2.371,"81,694"
573,2016-07-27,EBL,28,28,27.8,27.9,28,28,37,1.823,"65,253"
574,2016-07-26,EBL,28.1,28.1,27.9,27.9,28,27.8,25,0.851,"30,404"
575,2016-07-25,EBL,27.8,28.5,27.7,28.1,27.8,28.4,141,4.596,"164,139"
576,2016-07-24,EBL,28.3,28.5,28.3,28.5,28.4,28.7,53,1.615,"56,799"
577,2016-07-21,EBL,28.7,28.9,27.8,28,28.7,28.2,81,6.267,"220,360"
578,2016-07-20,EBL,28,28.4,28,28.2,28.2,28.2,83,3.721,"132,005"
579,2016-07-19,EBL,28.2,28.7,28.1,28.7,28.2,28.4,54,2.953,"104,353"
580,2016-07-18,EBL,28.4,28.7,28.2,28.7,28.4,28.3,93,5.325,"186,890"
581,2016-07-17,EBL,28.4,28.6,28.1,28.1,28.3,28.1,73,3.081,"108,758"
582,2016-07-16,EBL,28.2,28.2,27.8,27.8,28.1,28.3,46,0.957,"34,041"
583,2016-07-14,EBL,28.3,28.7,28.2,28.7,28.3,28.5,36,1.066,"37,580"
584,2016-07-13,EBL,28.7,29,28.4,29,28.5,29,50,1.51,"52,829"
585,2016-07-12,EBL,29.1,29.5,28.7,28.8,29,29,118,6.02,"206,254"
586,2016-07-11,EBL,28.8,29.1,28.7,28.7,29,29.2,51,2.096,"72,363"
587,2016-07-10,EBL,28.9,29.5,28.4,29,29.2,29.2,94,6.673,"228,560"
588,2016-06-30,EBL,29.8,29.8,28.2,28.5,29.2,28.4,180,14.729,"506,602"
589,2016-06-29,EBL,28.8,28.8,27.8,27.9,28.4,28.1,115,11.523,"407,313"
590,2016-06-28,EBL,28.5,28.5,27.1,27.1,28.1,27.5,101,6.005,"217,165"
591,2016-06-27,EBL,27.5,27.5,26.6,26.6,27.5,26.9,112,4.429,"161,857"
592,2016-06-26,EBL,26.9,27,26.6,26.6,26.9,27,33,1.666,"62,113"
593,2016-06-23,EBL,26.9,27.1,26.6,26.6,27,26.7,111,7.599,"283,224"
594,2016-06-22,EBL,26.6,26.7,26.3,26.3,26.7,26.6,53,1.785,"67,032"
595,2016-06-21,EBL,26.6,26.7,26.4,26.5,26.6,26.5,46,1.971,"74,081"
596,2016-06-20,EBL,26.5,26.6,26.4,26.4,26.5,26.6,14,0.371,"14,023"
597,2016-06-19,EBL,26.5,26.7,26.3,26.6,26.6,26.5,45,1.49,"56,313"
598,2016-06-16,EBL,26.5,26.8,26.5,26.5,26.5,26.7,16,0.649,"24,468"
599,2016-06-15,EBL,26.7,26.8,26.3,26.3,26.7,26.7,27,0.554,"20,793"
600,2016-06-14,EBL,26.8,26.9,26.5,26.9,26.7,26.8,68,2.71,"101,471"
601,2016-06-13,EBL,26.7,26.9,26.5,26.5,26.8,27,57,0.902,"33,795"
602,2016-06-12,EBL,27.1,27.1,26.8,26.8,27,27.1,44,1.95,"72,199"
603,2016-06-09,EBL,26.9,27.1,26.5,26.9,27.1,27,47,1.46,"54,314"
604,2016-06-08,EBL,27.1,27.2,26.9,26.9,27,27,37,1.034,"38,223"
605,2016-06-07,EBL,27,27.1,26.4,26.7,27,26.5,55,5.568,"206,636"
606,2016-06-06,EBL,26.6,26.9,26.1,26.2,26.5,26.3,67,3.651,"137,446"
607,2016-06-05,EBL,26.4,26.5,26,26.2,26.3,26.3,26,0.309,"11,756"
608,2016-06-02,EBL,26.3,26.3,25.7,26.3,26.3,26.4,14,0.529,"20,136"
609,2016-06-01,EBL,26.3,26.6,26.3,26.6,26.4,26.7,22,0.562,"21,264"
610,2016-05-31,EBL,26.7,26.8,26.5,26.5,26.7,26.8,35,1.827,"68,501"
611,2016-05-30,EBL,26.7,26.9,26.3,26.3,26.8,26.5,22,0.61,"22,775"
612,2016-05-29,EBL,26.5,26.9,26.3,26.9,26.5,26.5,10,0.624,"23,565"
613,2016-05-26,EBL,26.3,26.5,26.1,26.1,26.5,26.6,17,0.288,"10,880"
614,2016-05-25,EBL,26.7,26.8,26.5,26.7,26.6,26.8,34,0.747,"28,028"
615,2016-05-24,EBL,26.8,27,26.6,27,26.8,26.6,38,1.257,"46,945"
616,2016-05-22,EBL,26.8,26.8,26.5,26.6,26.6,26.6,32,0.957,"35,955"
617,2016-05-19,EBL,26.6,26.7,26.6,26.7,26.6,26.6,46,1.073,"40,331"
618,2016-05-18,EBL,26.4,26.7,25.8,25.8,26.6,26.1,44,1.414,"53,414"
619,2016-05-17,EBL,26,26.5,26,26.5,26.1,26.2,30,1.027,"39,360"
620,2016-05-16,EBL,26,26.3,26,26.3,26.2,26.4,24,0.786,"29,959"
621,2016-05-15,EBL,26,26.6,26,26.2,26.4,25.9,53,1.786,"67,652"
622,2016-05-12,EBL,25.9,26.1,25.6,25.6,25.9,25.9,28,1.405,"54,287"
623,2016-05-11,EBL,25.8,25.9,25.7,25.7,25.9,25.9,21,0.745,"28,810"
624,2016-05-10,EBL,25.9,26,25.7,25.8,25.9,26.2,25,1.816,"70,190"
625,2016-05-09,EBL,26.3,26.8,25.7,26.8,26.2,26.2,27,2.29,"87,301"
626,2016-05-08,EBL,26.1,26.2,25.7,25.8,26.2,26.1,51,1.377,"52,894"
627,2016-05-05,EBL,26,26.2,25.6,25.7,26.1,25.8,140,4.582,"176,165"
628,2016-05-04,EBL,25.8,26,25.1,25.3,25.8,25.4,87,4.932,"192,553"
629,2016-05-03,EBL,25.3,26,25.2,25.8,25.4,25.3,47,1.092,"42,851"
630,2016-05-02,EBL,25.1,25.6,24.9,25.6,25.3,25.4,32,1.042,"41,252"
631,2016-04-28,EBL,25.4,25.9,25.1,25.3,25.4,26.1,35,1.094,"43,257"
632,2016-04-27,EBL,26,26.6,26,26.2,26.1,26.4,41,1.465,"56,022"
633,2016-04-26,EBL,26.2,28,25.8,28,26.4,32.8,180,11.353,"417,091"
634,2016-04-25,EBL,0,0,0,0,32.8,32.8,0,0,0
635,2016-04-24,EBL,32.8,33.3,32.5,32.9,32.8,32.4,281,10.617,"322,654"
636,2016-04-21,EBL,32.4,32.5,32.2,32.2,32.4,32.2,98,3.414,"105,575"
637,2016-04-20,EBL,32.2,32.5,32,32.1,32.2,32,114,2.688,"83,465"
638,2016-04-19,EBL,32,32.3,31.9,32.3,32,32.1,91,4.433,"138,542"
639,2016-04-18,EBL,32,32.3,32,32,32.1,32.1,74,2.829,"88,222"
640,2016-04-17,EBL,32.2,32.2,31.8,31.8,32.1,32.2,77,3.855,"120,206"
641,2016-04-13,EBL,32.2,32.2,32,32.1,32.2,32.2,82,4.523,"141,001"
642,2016-04-12,EBL,32.2,32.3,31.9,31.9,32.2,32,102,5.629,"175,109"
643,2016-04-11,EBL,31.9,32.5,31.9,32.1,32,32.2,175,7.218,"225,084"
644,2016-04-10,EBL,32.2,32.2,31.7,31.9,32.2,31.8,116,6.713,"209,799"
645,2016-04-07,EBL,31.7,31.8,31.1,31.2,31.8,31.4,101,4.619,"146,076"
646,2016-04-06,EBL,31.4,31.6,31.1,31.5,31.4,31.7,109,4.519,"143,998"
647,2016-04-05,EBL,31.6,32,31.5,31.8,31.7,31.5,137,6.096,"191,725"
648,2016-04-04,EBL,31.6,33,31,32,31.5,30.4,387,21.246,"674,857"
649,2016-04-03,EBL,31,31,29,29,30.4,29.9,74,3.691,"121,837"
650,2016-03-31,EBL,29.7,30.4,29.5,30.2,29.9,30.6,70,2.516,"83,476"
651,2016-03-30,EBL,30.7,30.7,30.2,30.7,30.6,30.7,107,3.127,"102,150"
652,2016-03-29,EBL,30.8,30.8,29.8,30,30.7,30,200,9.837,"321,783"
653,2016-03-28,EBL,30,30.1,29.2,29.5,30,30.1,332,7.259,"245,224"
654,2016-03-27,EBL,30.2,30.5,29.3,29.4,30.1,29.5,91,3.225,"107,055"
655,2016-03-24,EBL,29.5,29.7,28.1,28.1,29.5,29.9,185,12.115,"412,158"
656,2016-03-23,EBL,29,30,29,29.5,29.9,30.5,62,2.597,"87,079"
657,2016-03-22,EBL,30,30.5,29,29.4,30.5,29.8,131,17.052,"564,036"
658,2016-03-21,EBL,30,30,28,28,29.8,28.9,100,6.415,"215,639"
659,2016-03-20,EBL,29,29,25.7,28,28.9,27.8,83,4.795,"168,680"
660,2016-03-16,EBL,27,28,26.1,27,27.8,26.4,177,9.569,"350,679"
661,2016-03-15,EBL,25.9,26.6,25.9,26.3,26.4,26.4,56,1.767,"67,016"
662,2016-03-14,EBL,26.6,26.6,26,26.1,26.4,26.4,52,0.936,"35,428"
663,2016-03-13,EBL,26.2,26.5,25.8,26.1,26.4,26.5,76,1.935,"73,993"
664,2016-03-10,EBL,26.6,26.7,25.6,25.8,26.5,25.1,70,3.719,"142,913"
665,2016-03-09,EBL,26,26.4,25,26.4,25.1,26.7,206,12.901,"506,025"
666,2016-03-08,EBL,26.3,27.9,26.3,27.8,26.7,28.5,190,12.641,"469,271"
667,2016-03-07,EBL,27.6,28.9,27.4,28.6,28.5,28.9,139,15.476,"540,906"
668,2016-03-06,EBL,29.2,30.1,28.8,29,28.9,30.1,124,17.339,"597,988"
669,2016-03-03,EBL,30,30.1,28.8,28.9,30.1,29.8,47,1.653,"55,275"
670,2016-03-02,EBL,30,30,29.3,29.3,29.8,29.3,25,1.111,"37,395"
671,2016-03-01,EBL,29.8,29.8,28.8,29.4,29.3,30,24,0.798,"27,248"
672,2016-02-29,EBL,30,30.1,29.2,29.2,30,29.8,37,1.227,"41,026"
673,2016-02-28,EBL,30,30,29.2,29.5,29.8,29.9,35,0.987,"33,177"
674,2016-02-25,EBL,29.9,29.9,28.6,28.6,29.9,30.1,33,1.146,"38,398"
675,2016-02-24,EBL,29.9,30.2,29.2,29.2,30.1,30,50,2.086,"69,838"
676,2016-02-23,EBL,30.1,30.1,28.7,29,30,28.7,78,1.756,"58,706"
677,2016-02-22,EBL,28.7,31.3,28.1,28.2,28.7,28.5,45,1.135,"38,841"
678,2016-02-18,EBL,28.8,28.8,28,28,28.5,28.7,44,3.707,"130,020"
679,2016-02-17,EBL,28.3,30,28.3,29.5,28.7,30,62,3.698,"127,902"
680,2016-02-16,EBL,30.2,30.2,29.5,29.5,30,29.9,17,0.86,"28,635"
681,2016-02-15,EBL,30,30,28.7,28.8,29.9,29.5,49,3.59,"120,361"
682,2016-02-14,EBL,29.5,30.5,29.4,30.3,29.5,30.3,40,1.462,"49,005"
683,2016-02-11,EBL,30.4,30.4,30.1,30.1,30.3,30.6,66,2.83,"93,693"
684,2016-02-10,EBL,30.3,30.7,29.5,29.5,30.6,29.9,100,9.194,"304,850"
685,2016-02-09,EBL,30,30,29,29,29.9,30.2,37,6.99,"236,231"
686,2016-02-08,EBL,30.1,30.4,29.2,29.3,30.2,29.8,126,12.091,"401,743"
687,2016-02-07,EBL,30,30,28.7,28.7,29.8,29.2,88,4.552,"154,040"
688,2016-02-04,EBL,29.3,29.4,28.6,28.8,29.2,29,72,9.71,"334,193"
689,2016-02-03,EBL,29,30.2,28.9,28.9,29,28.9,44,2.531,"86,862"
690,2016-02-02,EBL,28.8,29,28.2,28.4,28.9,29,40,1.665,"58,084"
691,2016-02-01,EBL,28.9,29.3,27.7,27.7,29,28.9,52,2.711,"93,591"
692,2016-01-31,EBL,28.6,29.3,28,28,28.9,29,18,0.779,"26,980"
693,2016-01-28,EBL,29,29.2,27.6,29,29,29,28,0.974,"33,618"
694,2016-01-27,EBL,28.9,29.1,28.6,28.6,29,28.8,17,1.265,"43,691"
695,2016-01-26,EBL,29,29,28.4,28.4,28.8,28.8,39,1.855,"64,547"
696,2016-01-25,EBL,29,29,28.2,28.2,28.8,29.3,19,0.251,"8,714"
697,2016-01-24,EBL,29.5,29.5,26.5,28.7,29.3,28.9,55,5.703,"195,490"
698,2016-01-21,EBL,28.8,29.2,28.7,28.7,28.9,29,21,0.439,"15,208"
699,2016-01-20,EBL,28.9,29,28.8,28.8,29,29,30,1.735,"59,872"
700,2016-01-19,EBL,29,29,28.8,29,29,29,47,2.202,"75,977"
701,2016-01-18,EBL,29,29.3,28.9,29,29,29,38,1.915,"65,836"
702,2016-01-17,EBL,29,29.4,28.7,28.8,29,29.1,37,2.055,"70,927"
703,2016-01-14,EBL,29.2,29.4,28.9,29,29.1,29.3,81,3.313,"114,098"
704,2016-01-13,EBL,29.2,29.5,28.5,28.5,29.3,29.5,63,3.504,"119,679"
705,2016-01-12,EBL,29.3,29.6,28.5,28.8,29.5,29.6,46,3.398,"115,526"
706,2016-01-11,EBL,29.6,29.8,29,29,29.6,29,86,4.84,"164,199"
707,2016-01-10,EBL,29,29.2,28.5,28.5,29,29,33,1.832,"63,162"
708,2016-01-07,EBL,29,29.1,28,28,29,28.8,82,6.571,"227,204"
709,2016-01-06,EBL,28.9,28.9,28.7,28.8,28.8,28.7,30,2.122,"73,706"
710,2016-01-05,EBL,28.7,29.1,28.5,29.1,28.7,28.8,89,6.843,"237,154"
711,2016-01-04,EBL,28.8,29,28.1,28.1,28.8,27.8,66,2.797,"97,007"
712,2016-01-03,EBL,28.1,28.1,27.7,27.7,27.8,28.6,2,0.002,85